time	T hot	T cold	mBar	T test
10:54:17	23.0	23.4	-930	25.1
10:54:18	23.0	23.3	-931	25.1
10:54:20	23.0	23.3	-930	25.1
10:54:21	23.0	23.3	-929	25.2
10:54:22	23.0	23.4	-926	25.2
10:54:24	23.0	23.4	-928	25.2
10:54:25	23.0	23.4	-925	25.2
10:54:26	23.0	23.4	-926	25.3
10:54:28	23.0	23.4	-924	25.3
10:54:29	23.0	23.3	-926	25.3
10:54:30	23.0	23.3	184	29.7
10:54:32	23.0	23.3	8220	35.0
10:54:33	23.0	23.3	8273	33.7
10:54:34	23.0	23.3	8264	32.1
10:54:36	23.0	23.3	8257	30.8
10:54:37	22.9	23.3	8249	30.0
10:54:38	23.0	23.4	8238	29.3
10:54:40	23.0	23.4	8233	28.7
10:54:41	23.0	23.3	8228	28.2
10:54:42	23.0	23.3	8221	27.8
10:54:44	23.0	23.3	8217	27.6
10:54:45	23.0	23.3	8215	27.3
10:54:46	23.0	23.3	8208	27.1
10:54:48	23.0	23.3	8203	27.0
10:54:49	23.0	23.3	8201	26.9
10:54:50	23.0	23.3	8196	26.7
10:54:52	23.0	23.3	8190	26.6
10:54:53	23.0	23.3	8190	26.5
10:54:54	23.0	23.3	8185	26.5
10:54:56	23.0	23.4	8180	26.4
10:54:57	23.0	23.4	8179	26.4
10:54:58	23.0	23.4	8175	26.4
10:55:00	23.0	23.4	8174	26.3
10:55:01	23.0	23.4	8171	26.3
10:55:02	23.0	23.4	8169	26.3
10:55:04	23.1	23.4	8166	26.2
10:55:05	23.1	23.4	8163	26.2
10:55:06	23.0	23.4	8160	26.3
10:55:08	23.0	23.4	8159	26.3
10:55:09	23.0	23.4	8156	26.3
10:55:10	23.0	23.3	8151	26.3
10:55:11	23.0	23.3	8150	26.2
10:55:13	23.0	23.4	8149	26.2
10:55:14	23.0	23.4	8145	26.2
10:55:15	23.0	23.3	8145	26.2
10:55:17	23.0	23.3	8144	26.2
10:55:18	23.0	23.3	8140	26.2
10:55:19	23.0	23.3	8142	26.2
10:55:21	23.0	23.3	8138	26.2
10:55:22	23.0	23.3	8137	26.2
10:55:23	23.0	23.3	8135	26.2
10:55:25	23.0	23.3	8135	26.2
10:55:26	23.0	23.4	8134	26.2
10:55:27	23.0	23.4	8135	26.2
10:55:29	23.0	23.4	8132	26.2
10:55:30	23.0	23.4	8133	26.2
10:55:31	23.0	23.4	8132	26.2
10:55:33	23.0	23.4	8134	26.2
10:55:34	23.0	23.4	8132	26.2
10:55:35	23.0	23.4	8132	26.2
10:55:37	23.0	23.4	8129	26.2
10:55:38	23.0	23.4	8129	26.2
10:55:39	23.1	23.4	8128	26.2
10:55:41	23.0	23.4	8130	26.2
10:55:42	23.0	23.4	8127	26.2
10:55:43	23.0	23.4	8127	26.2
10:55:45	23.0	23.4	8127	26.2
10:55:46	23.0	23.4	8124	26.2
10:55:47	23.0	23.4	8124	26.1
10:55:49	23.0	23.5	8127	26.1
10:55:50	23.0	23.5	8125	26.1
10:55:51	23.1	23.5	8123	26.1
10:55:53	23.0	23.5	8124	26.2
10:55:54	23.1	23.4	8124	26.2
10:55:55	23.1	23.4	8123	26.3
10:55:57	23.1	23.4	8128	26.2
10:55:58	23.1	23.5	8128	26.3
10:55:59	23.1	23.4	8129	26.3
10:56:00	23.1	23.5	8127	26.2
10:56:02	23.1	23.5	8127	26.2
10:56:03	23.1	23.4	8127	26.3
10:56:04	23.1	23.5	8125	26.3
10:56:06	23.1	23.4	8125	26.3
10:56:07	23.1	23.4	8125	26.3
10:56:08	23.1	23.5	8127	26.2
10:56:10	23.1	23.5	8123	26.2
10:56:11	23.1	23.5	8123	26.2
10:56:12	23.1	23.5	8123	26.2
10:56:14	23.1	23.5	8125	26.2
10:56:15	23.1	23.4	8123	26.2
10:56:16	23.1	23.4	8121	26.3
10:56:18	23.1	23.5	8122	26.2
10:56:19	23.1	23.5	8122	26.2
10:56:20	23.2	23.5	8121	26.2
10:56:22	23.2	23.5	8121	26.2
10:56:23	23.1	23.5	8122	26.2
10:56:24	23.1	23.5	8119	26.3
10:56:26	23.2	23.5	8121	26.2
10:56:27	23.2	23.5	8122	26.2
10:56:28	23.2	23.5	8122	26.2
10:56:30	23.1	23.5	8118	26.2
10:56:31	23.1	23.5	8121	26.2
10:56:32	23.1	23.5	8123	26.2
10:56:34	23.1	23.5	8122	26.2
10:56:35	23.1	23.5	8123	26.2
10:56:36	23.1	23.5	8122	26.2
10:56:38	23.1	23.5	8121	26.2
10:56:39	23.1	23.5	8121	26.1
10:56:40	23.1	23.5	8122	26.1
10:56:42	23.0	23.5	8122	26.1
10:56:43	23.1	23.5	8121	26.1
10:56:44	23.1	23.4	8119	26.1
10:56:46	23.1	23.4	8122	26.1
10:56:47	23.0	23.4	8118	26.1
10:56:48	23.1	23.4	8118	26.1
10:56:50	23.0	23.4	8119	26.1
10:56:51	23.0	23.4	8121	26.0
10:56:52	23.1	23.5	8119	26.0
10:56:54	23.1	23.5	8119	26.1
10:56:55	23.1	23.5	8117	26.1
10:56:56	23.0	23.5	8119	26.1
10:56:57	23.1	23.5	8118	26.0
10:56:59	23.1	23.5	8119	26.0
10:57:00	23.1	23.5	8119	26.0
10:57:01	23.1	23.6	8114	26.0
10:57:03	23.1	23.6	8117	26.1
10:57:04	23.1	23.6	8118	26.1
10:57:05	23.1	23.6	8119	26.1
10:57:07	23.1	23.6	8116	26.1
10:57:08	23.1	23.6	8119	26.1
10:57:09	23.1	23.6	8114	26.1
10:57:11	23.1	23.6	8118	26.0
10:57:12	23.1	23.6	8117	26.0
10:57:13	23.1	23.5	8118	26.0
10:57:15	23.1	23.6	8118	26.0
10:57:16	23.2	23.6	8118	26.0
10:57:17	23.1	23.6	8123	26.0
10:57:19	23.1	23.5	8121	26.0
10:57:20	23.1	23.5	8119	26.0
10:57:21	23.1	23.6	8118	26.0
10:57:23	23.1	23.6	8117	26.0
10:57:24	23.2	23.6	8117	26.0
10:57:25	23.1	23.6	8118	26.0
10:57:27	23.1	23.6	8118	26.0
10:57:28	23.1	23.5	8118	26.0
10:57:29	23.1	23.5	8119	26.0
10:57:31	23.1	23.5	8119	26.0
10:57:32	23.1	23.6	8122	26.0
10:57:33	23.1	23.6	8121	26.0
10:57:35	23.2	23.7	8118	26.0
10:57:36	23.1	23.6	8118	26.0
10:57:37	23.2	23.7	8119	26.0
10:57:39	23.2	23.6	8118	26.0
10:57:40	23.2	23.6	8116	25.9
10:57:41	23.2	23.7	8116	25.9
10:57:43	23.2	23.6	8114	26.0
10:57:44	23.2	23.7	8116	25.9
10:57:45	23.1	23.6	8117	25.9
10:57:47	23.2	23.6	8118	25.9
10:57:48	23.2	23.6	8123	25.9
10:57:49	23.2	23.7	8119	26.0
10:57:50	23.2	23.7	8118	26.1
10:57:52	23.2	23.7	8114	26.1
10:57:53	23.2	23.6	8122	26.0
10:57:54	23.2	23.7	8119	26.0
10:57:56	23.2	23.7	8118	26.0
10:57:57	23.2	23.6	8122	26.1
10:57:58	23.2	23.6	8121	26.0
10:58:00	23.2	23.6	8122	26.0
10:58:01	23.2	23.6	8122	26.0
10:58:02	23.2	23.6	8123	26.1
10:58:04	23.1	23.6	8123	26.1
10:58:05	23.1	23.6	8123	26.0
10:58:06	23.1	23.6	8122	26.0
10:58:08	23.1	23.6	8124	26.0
10:58:09	23.2	23.7	8124	26.0
10:58:10	23.2	23.7	8122	26.0
10:58:12	23.2	23.6	8122	26.0
10:58:13	23.2	23.6	8122	26.0
10:58:14	23.2	23.6	8124	26.0
10:58:16	23.2	23.6	8122	26.0
10:58:17	23.2	23.6	8123	26.0
10:58:18	23.2	23.7	8124	26.0
10:58:20	23.3	23.7	8127	26.0
10:58:21	23.3	23.7	8122	26.0
10:58:22	23.2	23.7	8125	26.0
10:58:24	23.2	23.7	8125	26.0
10:58:25	23.2	23.7	8123	25.9
10:58:26	23.2	23.7	8124	26.0
10:58:28	23.2	23.7	8125	25.9
10:58:29	23.2	23.7	8125	25.9
10:58:30	23.2	23.7	8127	25.9
10:58:32	23.2	23.7	8127	25.9
10:58:33	23.2	23.7	8127	25.9
10:58:34	23.2	23.7	8125	25.9
10:58:35	23.2	23.8	8127	26.0
10:58:37	23.2	23.7	8125	25.9
10:58:38	23.2	23.7	8127	25.9
10:58:39	23.2	23.8	8125	25.9
10:58:41	23.2	23.8	8125	25.9
10:58:42	23.2	23.8	8127	25.9
10:58:43	23.2	23.8	8127	25.9
10:58:45	23.2	23.8	8128	25.9
10:58:46	23.2	23.8	8113	25.9
10:58:47	23.2	23.8	8076	25.8
10:58:49	23.2	23.7	8064	25.8
10:58:50	23.2	23.8	8091	25.8
10:58:51	23.2	23.8	8101	25.8
10:58:53	23.3	23.8	8102	25.8
10:58:54	23.3	23.8	8102	25.8
10:58:55	23.3	23.9	8112	25.8
10:58:57	23.4	23.9	8112	25.8
10:58:58	23.4	23.9	8124	25.9
10:58:59	23.4	23.9	8130	25.9
10:59:01	23.3	23.9	8137	25.8
10:59:02	23.4	23.8	8133	25.8
10:59:03	23.3	23.8	8132	25.4
10:59:05	23.3	23.9	8119	25.1
10:59:06	23.3	23.9	8098	24.9
10:59:07	23.2	23.8	8091	24.5
10:59:09	23.3	23.8	8086	24.3
10:59:10	23.3	23.8	8096	24.3
10:59:11	23.3	23.9	8129	23.7
10:59:13	23.3	23.9	8124	22.4
10:59:14	23.3	23.8	8118	21.4
10:59:15	23.3	23.8	8111	20.7
10:59:17	23.3	23.9	8106	20.0
10:59:18	23.3	23.8	8104	19.1
10:59:19	23.3	23.9	8100	18.0
10:59:20	23.3	23.9	8096	17.2
10:59:22	23.2	23.8	8093	17.0
10:59:23	23.2	23.8	8090	16.7
10:59:24	23.3	23.8	8088	15.7
10:59:26	23.3	23.9	8086	15.2
10:59:27	23.3	23.9	8080	14.7
10:59:28	23.3	23.9	8077	13.9
10:59:30	23.3	23.9	8075	13.0
10:59:31	23.4	23.9	8075	11.6
10:59:32	23.3	23.9	8070	11.1
10:59:34	23.4	23.9	8075	10.7
10:59:35	23.3	23.9	8074	10.3
10:59:36	23.3	23.9	8076	9.6
10:59:38	23.3	23.9	8078	8.5
10:59:39	23.3	23.9	8080	6.3
10:59:40	23.3	23.9	8078	3.1
10:59:42	23.3	23.9	8080	0.9
10:59:43	23.3	23.9	8078	-0.7
10:59:44	23.3	23.9	8080	-6.4
10:59:46	23.3	23.9	8077	-9.3
10:59:47	23.3	23.9	8077	-12.7
10:59:48	23.3	23.9	8078	-10.6
10:59:50	23.3	23.9	8077	-12.1
10:59:51	23.3	23.9	8076	-8.8
10:59:52	23.3	23.9	8069	-4.4
10:59:54	23.3	23.9	8087	-1.6
10:59:55	23.3	23.9	8092	1.1
10:59:56	23.3	23.9	8093	2.5
10:59:58	23.3	23.9	8093	3.3
10:59:59	23.3	23.9	8091	3.8
11:00:00	23.3	23.9	8095	3.3
11:00:02	23.3	23.9	8096	2.5
11:00:03	23.3	24.0	8093	1.9
11:00:04	23.3	23.9	8097	0.5
11:00:06	23.4	23.9	8095	-2.0
11:00:07	23.3	24.0	8096	-2.7
11:00:08	23.3	24.0	8092	-4.1
11:00:09	23.3	23.9	8091	-4.5
11:00:11	23.3	23.8	8102	-6.0
11:00:12	23.3	23.8	8095	-27.8
11:00:13	23.3	23.8	8093	-29.7
11:00:15	23.2	23.8	8087	-27.0
11:00:16	23.2	23.8	8085	-19.3
11:00:17	23.2	23.9	8086	-14.5
11:00:19	23.2	23.9	8087	-12.5
11:00:20	23.2	23.9	8088	-12.1
11:00:21	23.3	23.9	8086	-11.5
11:00:23	23.3	23.9	8085	-11.2
11:00:24	23.2	23.9	8088	-10.7
11:00:25	23.3	24.0	8085	-10.5
11:00:27	23.3	24.0	8088	-10.3
11:00:28	23.4	24.0	8088	-10.3
11:00:29	23.4	23.9	8083	-11.0
11:00:31	23.4	23.9	8080	-11.0
11:00:32	23.4	23.9	8080	-11.2
11:00:33	23.4	23.9	8080	-12.6
11:00:35	23.4	24.0	8081	-30.4
11:00:36	23.4	24.0	8077	-32.7
11:00:37	23.4	24.0	8077	-33.0
11:00:39	23.5	24.1	8076	-33.6
11:00:40	23.4	24.1	8076	-33.5
11:00:41	23.4	24.2	8076	-33.7
11:00:43	23.4	24.1	8076	-34.4
11:00:44	23.4	24.1	8074	-34.4
11:00:45	23.4	24.1	8074	-34.3
11:00:47	23.4	24.1	8072	-34.2
11:00:48	23.4	24.0	8070	-34.1
11:00:49	23.3	24.0	8069	-34.5
11:00:50	23.3	24.0	8075	-35.0
11:00:52	23.4	24.0	8077	-35.2
11:00:53	23.4	24.0	8076	-35.3
11:00:54	23.4	24.0	8074	-35.3
11:00:56	23.3	24.0	8071	-35.3
11:00:57	23.4	24.0	8062	-34.9
11:00:58	23.3	23.9	8064	-34.8
11:01:00	23.4	23.9	8062	-34.9
11:01:01	23.3	23.9	8060	-34.8
11:01:02	23.3	24.0	8059	-34.7
11:01:04	23.3	24.1	8052	-34.4
11:01:05	23.3	24.1	8051	-33.8
11:01:06	23.4	24.0	8064	-32.9
11:01:08	23.4	24.0	8069	-33.7
11:01:09	23.4	24.0	8064	-34.0
11:01:10	23.4	24.0	8062	-33.8
11:01:12	23.4	24.0	8062	-34.1
11:01:13	23.4	24.0	8065	-35.0
11:01:14	23.4	24.0	8065	-35.4
11:01:16	23.4	24.0	8062	-35.7
11:01:17	23.4	24.1	8062	-35.8
11:01:18	23.4	24.1	8065	-35.7
11:01:20	23.4	24.1	8064	-35.8
11:01:21	23.5	24.1	8061	-35.8
11:01:22	23.5	24.1	8062	-35.7
11:01:24	23.4	24.1	8060	-35.7
11:01:25	23.4	24.1	8062	-35.8
11:01:26	23.4	24.2	8064	-35.7
11:01:28	23.4	24.2	8066	-35.7
11:01:29	23.4	24.2	8066	-35.7
11:01:30	23.4	24.2	8066	-35.7
11:01:32	23.4	24.1	8066	-35.7
11:01:33	23.4	24.1	8069	-35.7
11:01:34	23.4	24.1	8071	-35.7
11:01:36	23.4	24.1	8070	-35.8
11:01:37	23.4	24.1	8067	-35.7
11:01:38	23.4	24.1	8064	-35.8
11:01:39	23.4	24.1	8065	-35.8
11:01:41	23.4	24.2	8067	-35.8
11:01:42	23.4	24.3	8064	-35.7
11:01:43	23.5	24.2	8065	-35.7
11:01:45	23.4	24.2	8062	-35.8
11:01:46	23.5	24.2	8062	-35.7
11:01:47	23.4	24.3	8061	-35.7
11:01:49	23.4	24.3	8067	-35.7
11:01:50	23.5	24.3	8067	-35.7
11:01:51	23.4	24.4	8065	-35.8
11:01:53	23.5	24.3	8064	-35.7
11:01:54	23.4	24.2	8064	-35.8
11:01:55	23.5	24.1	8064	-35.8
11:01:57	23.4	24.1	8062	-35.7
11:01:58	23.5	24.1	8067	-35.8
11:01:59	23.5	24.1	8066	-35.8
11:02:01	23.5	24.1	8067	-35.8
11:02:02	23.5	24.1	8067	-35.8
11:02:03	23.5	24.1	8067	-35.8
11:02:05	23.6	24.1	8067	-35.8
11:02:06	23.5	24.1	8066	-35.7
11:02:07	23.5	24.1	8067	-35.7
11:02:09	23.5	24.1	8067	-35.7
11:02:10	23.6	24.2	8067	-35.7
11:02:11	23.5	24.2	8064	-35.7
11:02:13	23.5	24.2	8064	-35.7
11:02:14	23.5	24.2	8065	-35.7
11:02:15	23.5	24.2	8066	-35.7
11:02:16	23.4	24.2	8069	-35.7
11:02:18	23.4	24.2	8066	-35.7
11:02:19	23.4	24.2	8066	-35.7
11:02:20	23.4	24.2	8065	-35.7
11:02:22	23.5	24.3	8062	-35.7
11:02:23	23.5	24.3	8061	-35.7
11:02:24	23.5	24.3	8061	-35.7
11:02:26	23.5	24.3	8057	-35.8
11:02:27	23.5	24.4	8057	-35.8
11:02:28	23.5	24.4	8055	-35.8
11:02:30	23.6	24.4	8052	-35.8
11:02:31	23.5	24.3	8052	-35.7
11:02:32	23.5	24.3	8052	-35.7
11:02:34	23.5	24.3	8051	-35.8
11:02:35	23.5	24.2	8052	-35.8
11:02:36	23.6	24.2	8052	-35.8
11:02:38	23.5	24.2	8052	-35.8
11:02:39	23.5	24.2	8050	-35.8
11:02:40	23.5	24.2	8051	-35.8
11:02:42	23.5	24.2	8052	-35.8
11:02:43	23.5	24.3	8052	-35.9
11:02:44	23.6	24.3	8049	-35.8
11:02:46	23.6	24.4	8051	-35.8
11:02:47	23.6	24.4	8051	-35.8
11:02:48	23.7	24.5	8050	-35.8
11:02:49	23.6	24.5	8049	-35.8
11:02:51	23.6	24.5	8049	-35.8
11:02:52	23.6	24.5	8049	-35.8
11:02:53	23.6	24.5	8048	-35.8
11:02:55	23.6	24.5	8050	-35.8
11:02:56	23.6	24.4	8049	-35.8
11:02:57	23.6	24.4	8048	-35.8
11:02:59	23.6	24.4	8048	-35.8
11:03:00	23.6	24.5	8049	-35.8
11:03:01	23.6	24.4	8048	-35.8
11:03:03	23.6	24.4	8048	-35.8
11:03:04	23.6	24.3	8048	-35.8
11:03:05	23.6	24.3	8046	-35.8
11:03:07	23.6	24.4	8046	-35.8
11:03:08	23.6	24.3	8044	-35.8
11:03:09	23.5	24.3	8044	-35.8
11:03:11	23.6	24.4	8041	-35.9
11:03:12	23.7	24.4	8041	-35.8
11:03:13	23.7	24.4	8044	-35.8
11:03:15	23.7	24.3	8040	-35.8
11:03:16	23.7	24.4	8043	-35.8
11:03:17	23.7	24.4	8039	-35.9
11:03:19	23.7	24.3	8039	-35.9
11:03:20	23.6	24.3	8040	-35.9
11:03:21	23.6	24.4	8041	-35.9
11:03:23	23.5	24.4	8041	-35.9
11:03:24	23.6	24.3	8040	-35.9
11:03:25	23.6	24.4	8036	-36.0
11:03:27	23.6	24.4	8035	-35.9
11:03:28	23.7	24.3	8039	-35.9
11:03:29	23.7	24.4	8035	-35.9
11:03:31	23.6	24.5	8038	-35.9
11:03:32	23.6	24.5	8036	-35.9
11:03:33	23.6	24.5	8039	-35.9
11:03:35	23.6	24.4	8038	-35.9
11:03:36	23.6	24.4	8038	-35.9
11:03:37	23.7	24.4	8038	-35.9
11:03:38	23.6	24.4	8038	-35.8
11:03:40	23.5	24.4	8036	-35.8
11:03:41	23.4	24.4	8036	-35.8
11:03:42	23.4	24.4	8035	-35.8
11:03:44	23.5	24.4	8034	-35.8
11:03:45	23.6	24.4	8033	-35.9
11:03:46	23.7	24.5	8033	-35.9
11:03:48	23.7	24.5	8034	-35.9
11:03:49	23.7	24.5	8034	-35.8
11:03:50	23.7	24.5	8034	-35.9
11:03:52	23.5	24.5	8033	-35.9
11:03:53	23.5	24.5	8031	-35.9
11:03:54	23.5	24.5	8033	-35.9
11:03:56	23.5	24.6	8031	-35.8
11:03:57	23.6	24.8	8033	-35.8
11:03:58	23.7	24.9	8031	-35.8
11:04:00	23.6	24.8	8031	-35.8
11:04:01	23.7	24.7	8031	-35.8
11:04:02	23.6	24.7	8030	-35.8
11:04:04	23.6	24.9	8025	-35.8
11:04:05	23.7	24.9	8028	-35.8
11:04:06	23.7	24.9	8025	-35.8
11:04:08	23.6	24.9	8029	-35.8
11:04:09	23.5	25.0	8028	-35.7
11:04:10	23.5	25.0	8030	-35.7
11:04:12	23.5	24.9	8029	-35.7
11:04:13	23.5	24.9	8026	-35.7
11:04:14	23.6	25.0	8029	-35.7
11:04:16	23.6	25.1	8026	-35.6
11:04:17	23.6	25.0	8025	-35.6
11:04:18	23.6	24.9	8026	-35.6
11:04:20	23.7	24.9	8025	-35.6
11:04:21	23.7	24.9	8025	-35.6
11:04:22	23.7	24.9	8022	-35.7
11:04:23	23.7	24.9	8023	-35.7
11:04:25	23.6	24.8	8023	-35.5
11:04:26	23.6	24.7	8022	-35.5
11:04:27	23.7	24.6	8020	-35.5
11:04:29	23.7	24.7	8019	-35.6
11:04:30	23.6	24.8	8019	-35.6
11:04:31	23.4	24.7	8018	-35.5
11:04:33	23.4	24.9	8019	-35.6
11:04:34	23.5	24.9	8020	-35.5
11:04:35	23.5	25.0	8018	-35.6
11:04:37	23.5	24.9	8019	-35.5
11:04:38	23.5	24.9	8019	-35.5
11:04:39	23.6	25.0	8019	-35.6
11:04:41	23.6	25.0	8018	-35.6
11:04:42	23.6	25.0	8020	-35.6
11:04:43	23.6	25.0	8023	-35.7
11:04:45	23.3	25.1	8023	-35.6
11:04:46	23.2	25.2	8023	-35.6
11:04:47	23.2	25.2	8024	-35.7
11:04:49	23.2	25.2	8025	-35.6
11:04:50	23.2	25.1	8026	-35.6
11:04:51	23.3	25.1	8029	-35.5
11:04:53	23.4	25.1	8030	-35.7
11:04:54	23.5	25.0	8031	-35.7
11:04:55	23.5	25.0	8029	-35.7
11:04:57	23.3	25.0	8029	-35.7
11:04:58	23.2	25.1	8030	-35.6
11:04:59	23.2	25.1	8030	-35.5
11:05:01	23.2	25.2	8033	-35.6
11:05:02	23.0	25.1	8034	-35.7
11:05:03	23.0	25.1	8038	-35.6
11:05:05	23.2	25.1	8036	-35.6
11:05:06	23.3	25.0	8038	-35.6
11:05:07	23.4	24.9	8038	-35.4
11:05:08	23.4	24.8	8039	-35.5
11:05:10	23.5	24.7	8044	-35.6
11:05:11	23.5	24.7	8048	-35.7
11:05:12	23.5	24.7	8045	-35.5
11:05:14	23.6	24.7	8041	-35.5
11:05:15	23.6	24.7	8036	-35.7
11:05:16	23.6	24.7	8036	-35.6
11:05:18	23.6	24.8	8038	-35.5
11:05:19	23.5	25.0	8040	-35.6
11:05:20	23.5	25.0	8044	-35.6
11:05:22	23.7	24.9	8048	-35.5
11:05:23	23.7	25.0	8048	-35.5
11:05:24	23.7	25.0	8048	-35.5
11:05:26	23.8	25.0	8041	-35.5
11:05:27	23.8	24.9	8034	-35.6
11:05:28	23.9	24.9	8033	-35.6
11:05:30	23.9	25.0	8034	-35.6
11:05:31	23.8	25.0	8033	-35.6
11:05:32	23.7	25.0	8033	-35.7
11:05:34	23.6	25.0	8033	-35.6
11:05:35	23.6	25.1	8035	-35.6
11:05:36	23.7	25.1	8041	-35.6
11:05:38	23.7	25.1	8043	-35.7
11:05:39	23.8	25.3	8040	-35.7
11:05:40	23.8	25.4	8038	-35.7
11:05:42	23.8	25.4	8038	-35.7
11:05:43	23.8	25.4	8041	-35.5
11:05:44	23.8	25.4	8045	-35.7
11:05:45	23.8	25.3	8044	-35.7
11:05:47	23.8	25.3	8045	-35.6
11:05:48	23.9	25.3	8046	-35.5
11:05:49	23.9	25.4	8045	-35.5
11:05:51	23.9	25.3	8045	-35.6
11:05:52	23.8	25.3	8048	-35.5
11:05:53	23.9	25.2	8045	-35.5
11:05:55	23.9	25.2	8045	-35.7
11:05:56	24.0	25.0	8046	-35.7
11:05:57	24.0	24.9	8046	-35.5
11:05:59	23.9	24.8	8046	-35.6
11:06:00	23.9	24.7	8046	-35.8
11:06:01	23.9	24.8	8046	-35.5
11:06:03	23.9	24.8	8045	-35.6
11:06:04	23.9	24.8	8043	-35.8
11:06:05	23.9	24.8	8041	-35.7
11:06:07	23.9	24.8	8045	-35.5
11:06:08	23.9	24.8	8087	-35.7
11:06:09	23.9	24.8	8159	-35.8
11:06:11	23.9	24.9	8179	-35.8
11:06:12	23.8	24.8	8190	-35.8
11:06:13	23.9	24.8	8203	-35.8
11:06:15	23.9	24.8	8205	-35.8
11:06:16	23.9	24.8	8206	-35.8
11:06:17	23.9	24.8	8200	-35.8
11:06:19	23.5	24.9	8187	-35.9
11:06:20	23.5	25.1	8171	-35.9
11:06:21	23.5	25.0	8161	-35.9
11:06:23	23.4	25.0	8137	-36.0
11:06:24	23.5	25.0	8123	-36.0
11:06:25	23.5	24.9	8103	-36.0
11:06:27	23.5	24.8	8080	-36.1
11:06:28	23.6	24.7	8071	-36.1
11:06:29	23.6	24.6	8061	-36.1
11:06:31	23.6	24.6	8052	-36.2
11:06:32	23.7	24.6	8043	-36.2
11:06:33	23.7	24.6	8038	-36.2
11:06:35	23.7	24.6	8033	-36.2
11:06:36	23.7	24.8	8029	-36.2
11:06:37	23.8	24.9	8026	-36.1
11:06:38	23.8	25.1	8022	-36.2
11:06:40	23.9	25.3	8020	-36.2
11:06:41	24.0	25.2	8018	-36.2
11:06:42	24.0	25.2	8020	-36.2
11:06:44	24.0	25.2	8031	-36.1
11:06:45	24.1	25.3	8033	-36.0
11:06:46	24.0	25.4	8030	-36.1
11:06:48	24.0	25.2	8030	-36.1
11:06:49	23.9	25.0	8030	-36.1
11:06:50	23.8	24.9	8028	-36.1
11:06:52	23.6	25.1	8026	-36.0
11:06:53	23.4	25.2	8026	-36.0
11:06:54	23.2	25.2	8026	-36.0
11:06:56	23.2	25.2	8028	-36.0
11:06:57	23.2	25.3	8029	-35.9
11:06:58	23.3	25.3	8025	-36.0
11:07:00	23.5	25.3	8028	-35.9
11:07:01	23.6	25.3	8028	-35.9
11:07:02	23.7	25.3	8029	-35.9
11:07:04	23.8	25.3	8029	-36.0
11:07:05	23.8	25.2	8031	-35.9
11:07:06	23.9	25.1	8033	-35.9
11:07:08	23.9	25.1	8034	-35.9
11:07:09	23.9	25.1	8035	-35.9
11:07:10	23.9	25.1	8036	-36.0
11:07:12	23.9	25.0	8038	-36.0
11:07:13	23.9	25.0	8038	-35.9
11:07:14	23.9	25.0	8036	-36.0
11:07:15	23.8	25.1	8039	-35.9
11:07:17	23.6	25.2	8043	-35.8
11:07:18	23.5	25.3	8048	-35.9
11:07:19	23.5	25.4	8049	-35.8
11:07:21	23.5	25.4	8051	-35.7
11:07:22	23.5	25.4	8049	-35.8
11:07:23	23.5	25.3	8049	-35.8
11:07:25	23.6	25.2	8044	-35.9
11:07:26	23.6	25.2	8033	-35.9
11:07:27	23.7	25.4	8022	-35.9
11:07:29	23.8	25.6	8018	-35.9
11:07:30	23.8	25.6	8012	-36.0
11:07:31	23.7	25.6	8002	-35.9
11:07:33	23.6	25.5	8000	-36.0
11:07:34	23.5	25.5	8008	-36.0
11:07:35	23.4	25.6	8083	-35.9
11:07:37	23.3	25.6	8114	-35.9
11:07:38	23.4	25.6	8123	-35.9
11:07:39	23.5	25.6	8124	-36.0
11:07:41	23.6	25.4	8132	-36.0
11:07:42	23.6	25.2	8132	-36.0
11:07:43	23.6	25.2	8133	-36.0
11:07:45	23.5	25.1	8133	-36.0
11:07:46	23.5	25.2	8123	-36.0
11:07:47	23.5	25.1	8108	-36.1
11:07:49	23.5	25.1	8093	-36.1
11:07:50	23.5	25.0	8072	-36.1
11:07:51	23.5	25.0	8060	-36.1
11:07:53	23.3	24.9	8051	-36.2
11:07:54	23.1	24.8	8039	-36.2
11:07:55	23.0	24.6	8019	-36.2
11:07:57	23.2	24.6	8008	-36.2
11:07:58	23.3	24.6	8002	-36.2
11:07:59	23.4	24.6	8046	-36.2
11:08:00	23.4	24.5	8048	-36.1
11:08:02	23.4	24.4	8043	-36.1
11:08:03	23.5	24.5	8038	-36.1
11:08:04	23.5	24.6	8033	-36.1
11:08:06	23.5	24.9	8033	-36.1
11:08:07	23.4	25.0	8034	-36.1
11:08:08	23.3	25.0	8033	-36.1
11:08:10	23.2	25.2	8033	-36.1
11:08:11	23.3	25.2	8028	-36.1
11:08:12	23.4	25.4	8031	-36.1
11:08:14	23.5	25.3	8029	-36.0
11:08:15	23.6	25.2	8028	-36.0
11:08:16	23.6	25.2	8028	-36.0
11:08:18	23.5	25.2	8033	-36.0
11:08:19	23.5	25.2	8030	-36.0
11:08:20	23.5	25.2	8031	-36.0
11:08:22	23.5	25.3	8033	-35.9
11:08:23	23.5	25.3	8034	-35.8
11:08:24	23.5	25.3	8033	-35.9
11:08:26	23.6	25.4	8029	-35.8
11:08:27	23.5	25.6	8020	-36.0
11:08:28	23.3	25.6	8018	-35.8
11:08:30	23.3	25.6	8019	-35.9
11:08:31	23.4	25.4	8018	-36.0
11:08:32	23.6	25.3	8017	-35.8
11:08:34	23.6	25.2	8019	-35.8
11:08:35	23.7	25.1	8020	-35.9
11:08:36	23.7	25.0	8023	-35.7
11:08:38	23.7	24.9	8020	-35.9
11:08:39	23.8	25.1	8020	-35.9
11:08:40	23.8	25.3	8018	-36.0
11:08:42	23.8	25.4	8019	-35.8
11:08:43	23.8	25.3	8018	-35.8
11:08:44	23.9	25.2	8018	-35.8
11:08:45	23.9	25.2	8085	-36.0
11:08:47	24.0	25.2	8088	-36.0
11:08:48	24.1	25.1	8090	-36.0
11:08:49	24.2	25.1	8088	-36.1
11:08:51	24.2	25.1	8086	-36.1
11:08:52	24.0	25.2	8082	-36.1
11:08:53	23.8	25.2	8081	-36.1
11:08:55	23.8	25.1	8076	-36.1
11:08:56	23.8	25.2	8077	-36.2
11:08:57	23.9	25.2	8075	-36.2
11:08:59	23.9	25.2	8074	-36.2
11:09:00	23.9	25.3	8066	-36.2
11:09:01	23.8	25.3	8065	-36.2
11:09:03	23.8	25.4	8062	-36.2
11:09:04	23.8	25.3	8060	-36.2
11:09:05	23.8	25.3	8059	-36.2
11:09:07	23.7	25.4	8057	-36.3
11:09:08	23.4	25.4	8052	-36.3
11:09:09	23.3	25.4	8048	-36.3
11:09:11	23.4	25.5	8046	-36.3
11:09:12	23.4	25.5	8044	-36.3
11:09:13	23.4	25.5	8035	-36.3
11:09:15	23.4	25.6	8035	-36.3
11:09:16	23.5	25.6	8034	-36.3
11:09:17	23.4	25.6	8034	-36.3
11:09:19	23.3	25.5	8028	-36.4
11:09:20	23.5	25.6	8026	-36.4
11:09:21	23.6	25.6	8026	-36.3
11:09:23	23.8	25.6	8025	-36.4
11:09:24	23.8	25.5	8023	-36.4
11:09:25	23.8	25.4	8022	-36.4
11:09:27	23.8	25.3	8020	-36.4
11:09:28	23.8	25.3	8019	-36.3
11:09:29	23.8	25.2	8018	-36.3
11:09:31	23.8	25.4	8017	-36.3
11:09:32	23.7	25.5	8017	-36.3
11:09:33	23.8	25.4	8015	-36.4
11:09:34	23.8	25.3	8014	-36.3
11:09:36	23.8	25.1	8015	-36.4
11:09:37	23.8	25.0	8015	-36.3
11:09:38	23.8	24.9	8017	-36.3
11:09:40	23.8	24.8	8013	-36.4
11:09:41	23.8	24.8	8015	-36.4
11:09:42	23.8	24.8	8015	-36.3
11:09:44	23.8	24.9	8014	-36.4
11:09:45	23.9	25.1	8014	-36.4
11:09:46	23.9	25.1	8015	-36.4
11:09:48	23.7	25.0	8015	-36.4
11:09:49	23.7	25.2	8013	-36.4
11:09:50	23.5	25.2	8014	-36.4
11:09:52	23.4	25.1	8014	-36.4
11:09:53	23.4	25.2	8015	-36.4
11:09:54	23.4	25.2	8015	-36.4
11:09:56	23.4	25.0	8015	-36.4
11:09:57	23.4	25.1	8017	-36.3
11:09:58	23.5	25.3	8018	-36.4
11:10:00	23.5	25.1	8017	-36.4
11:10:01	23.5	25.1	8019	-36.4
11:10:02	23.5	25.0	8020	-36.3
11:10:04	23.6	24.9	8020	-36.3
11:10:05	23.6	24.9	8022	-36.3
11:10:06	23.7	25.1	8019	-36.3
11:10:08	23.7	25.2	8020	-36.3
11:10:09	23.9	25.4	8026	-36.3
11:10:10	23.8	25.5	8029	-36.3
11:10:12	23.6	25.6	8025	-36.3
11:10:13	23.5	25.5	8028	-36.3
11:10:14	23.5	25.4	8031	-36.2
11:10:16	23.5	25.3	8031	-36.2
11:10:17	23.5	25.2	8031	-36.2
11:10:18	23.5	25.1	8034	-36.2
11:10:20	23.6	25.1	8034	-36.2
11:10:21	23.6	24.9	8035	-36.2
11:10:22	23.7	24.9	8039	-36.2
11:10:23	23.7	24.9	8039	-36.1
11:10:25	23.5	25.1	8040	-36.1
11:10:26	23.5	25.1	8044	-36.1
11:10:27	23.6	25.0	8046	-36.1
11:10:29	23.5	24.8	8046	-36.1
11:10:30	23.5	24.7	8048	-36.1
11:10:31	23.5	24.8	8048	-36.1
11:10:33	23.6	24.8	8050	-36.1
11:10:34	23.6	24.8	8050	-36.0
11:10:35	23.6	24.9	8051	-36.0
11:10:37	23.7	24.9	8054	-36.0
11:10:38	23.8	24.9	8057	-36.0
11:10:39	23.8	24.9	8060	-36.0
11:10:41	23.8	25.0	8060	-36.0
11:10:42	23.9	25.0	8061	-36.0
11:10:43	23.9	25.0	8062	-35.9
11:10:45	23.9	25.2	8064	-35.9
11:10:46	23.7	25.2	8066	-35.9
11:10:47	23.8	25.2	8070	-35.8
11:10:49	23.8	25.1	8072	-35.9
11:10:50	23.8	25.2	8072	-35.9
11:10:51	23.7	25.2	8075	-35.9
11:10:53	23.5	25.1	8077	-35.8
11:10:54	23.4	25.2	8080	-35.9
11:10:55	23.5	25.3	8082	-35.9
11:10:57	23.6	25.4	8083	-35.9
11:10:58	23.7	25.4	8086	-35.8
11:10:59	23.5	25.3	8086	-35.8
11:11:01	23.4	25.2	8090	-35.8
11:11:02	23.4	25.2	8092	-35.8
11:11:03	23.4	25.2	8092	-35.8
11:11:05	23.5	25.2	8096	-35.8
11:11:06	23.5	25.2	8100	-35.8
11:11:07	23.6	25.1	8101	-35.7
11:11:08	23.7	25.1	8104	-35.7
11:11:10	23.8	25.1	8108	-35.7
11:11:11	23.7	25.0	8114	-35.6
11:11:12	23.7	25.2	8116	-35.7
11:11:14	23.6	25.3	8125	-35.7
11:11:15	23.5	25.3	8125	-35.7
11:11:16	23.5	25.3	8132	-35.6
11:11:18	23.5	25.4	8134	-35.7
11:11:19	23.4	25.5	8137	-35.7
11:11:20	23.2	25.4	8139	-35.7
11:11:22	23.2	25.4	8139	-35.7
11:11:23	23.3	25.3	8149	-35.7
11:11:24	23.4	25.3	8150	-35.7
11:11:26	23.4	25.3	8154	-35.6
11:11:27	23.4	25.2	8158	-35.7
11:11:28	23.5	25.2	8160	-35.7
11:11:30	23.5	25.2	8163	-35.7
11:11:31	23.6	25.2	8164	-35.6
11:11:32	23.7	25.3	8168	-35.5
11:11:34	23.6	25.4	8171	-35.5
11:11:35	23.4	25.4	8173	-35.5
11:11:36	23.5	25.4	8175	-35.5
11:11:38	23.4	25.5	8180	-35.5
11:11:39	23.6	25.5	8184	-35.5
11:11:40	23.7	25.6	8185	-35.6
11:11:42	23.7	25.7	8190	-35.5
11:11:43	23.6	25.6	8194	-35.6
11:11:44	23.5	25.6	8199	-35.6
11:11:46	23.4	25.6	8199	-35.6
11:11:47	23.3	25.6	8205	-35.5
11:11:48	23.4	25.5	8205	-35.5
11:11:50	23.3	25.4	8212	-35.4
11:11:51	23.4	25.2	8220	-35.5
11:11:52	23.4	25.2	8221	-35.4
11:11:54	23.4	25.1	8223	-35.4
11:11:55	23.5	25.1	8228	-35.5
11:11:56	23.5	25.1	8233	-35.5
11:11:58	23.5	25.2	8234	-35.5
11:11:59	23.6	25.1	8238	-35.5
11:12:00	23.6	25.2	8246	-35.5
11:12:01	23.6	25.1	8248	-35.4
11:12:03	23.7	25.2	8249	-35.5
11:12:04	23.9	25.1	8250	-35.4
11:12:05	23.8	25.0	8262	-35.5
11:12:07	23.7	25.0	8262	-35.5
11:12:08	23.5	25.0	8264	-35.4
11:12:09	23.2	25.1	8269	-35.5
11:12:11	23.1	25.4	8273	-35.4
11:12:12	23.3	25.3	8275	-35.4
11:12:13	23.3	25.3	8276	-35.4
11:12:15	23.4	25.1	8276	-35.3
11:12:16	23.5	25.0	8276	-35.3
11:12:17	23.6	24.9	8276	-35.4
11:12:19	23.5	24.9	8270	-35.4
11:12:20	23.5	24.9	8265	-35.5
11:12:21	23.6	24.8	8263	-35.4
11:12:23	23.5	24.8	8259	-35.4
11:12:24	23.5	24.8	8246	-35.5
11:12:25	23.5	24.8	8233	-35.5
11:12:27	23.6	24.9	8226	-35.4
11:12:28	23.8	25.2	8201	-35.5
11:12:29	23.8	25.4	8185	-35.5
11:12:31	23.8	25.2	8170	-35.6
11:12:32	23.8	25.2	8156	-35.6
11:12:33	23.8	25.2	8130	-35.7
11:12:35	23.9	25.2	8113	-35.6
11:12:36	23.9	25.3	8096	-35.8
11:12:37	23.7	25.3	8076	-35.8
11:12:39	23.8	25.4	8065	-35.9
11:12:40	23.9	25.5	8055	-35.9
11:12:41	23.9	25.5	8048	-35.9
11:12:43	23.9	25.5	8025	-36.0
11:12:44	23.9	25.5	8015	-36.0
11:12:45	23.9	25.4	8004	-36.0
11:12:46	24.0	25.3	7986	-36.1
11:12:48	23.9	25.2	7975	-36.1
11:12:49	23.8	25.5	7966	-36.1
11:12:50	23.8	25.5	7958	-36.2
11:12:52	23.9	25.5	7940	-36.2
11:12:53	23.9	25.6	7931	-36.2
11:12:54	23.7	25.6	7920	-36.3
11:12:56	23.7	25.6	7898	-36.1
11:12:57	23.7	25.7	7889	-36.3
11:12:58	23.8	25.8	7869	-36.4
11:13:00	23.8	25.7	7863	-36.4
11:13:01	23.7	25.5	7843	-36.5
11:13:02	23.7	25.5	7835	-36.5
11:13:04	23.7	25.3	7826	-36.5
11:13:05	23.7	25.2	7809	-36.6
11:13:06	23.7	25.3	7802	-36.6
11:13:08	23.6	25.3	7791	-36.6
11:13:09	23.6	25.3	7783	-36.6
11:13:10	23.5	25.3	7764	-36.8
11:13:12	23.5	25.1	7758	-36.8
11:13:13	23.5	25.2	7748	-36.8
11:13:14	23.6	25.2	7733	-36.8
11:13:16	23.5	25.1	7722	-36.8
11:13:17	23.6	25.1	7716	-36.9
11:13:18	23.7	25.1	7707	-36.8
11:13:20	23.7	25.3	7692	-36.9
11:13:21	23.8	25.3	7682	-36.8
11:13:22	23.9	25.3	7675	-36.8
11:13:24	23.9	25.4	7655	-36.9
11:13:25	24.0	25.4	7639	-37.0
11:13:26	24.0	25.3	7633	-36.9
11:13:28	24.0	25.3	7622	-37.0
11:13:29	23.7	25.2	7608	-37.0
11:13:30	23.6	25.4	7603	-37.0
11:13:32	23.4	25.4	7680	-36.9
11:13:33	23.6	25.4	7958	-36.8
11:13:34	23.6	25.5	7966	-36.4
11:13:36	23.7	25.5	7973	-36.3
11:13:37	23.7	25.4	7976	-36.2
11:13:38	23.8	25.5	7987	-36.1
11:13:39	23.8	25.5	7986	-36.1
11:13:41	23.6	25.4	7986	-36.0
11:13:42	23.7	25.4	7989	-36.1
11:13:43	23.7	25.3	7991	-36.1
11:13:45	23.8	25.2	7973	-36.0
11:13:46	23.9	25.2	7958	-36.0
11:13:47	23.8	25.2	7953	-36.0
11:13:49	23.8	25.2	7955	-36.1
11:13:50	23.7	25.4	7951	-36.0
11:13:51	23.7	25.4	7947	-36.1
11:13:53	23.7	25.3	7949	-36.1
11:13:54	23.8	25.3	7950	-36.1
11:13:55	23.9	25.6	7955	-36.1
11:13:57	24.0	25.6	7953	-36.1
11:13:58	24.0	25.5	7953	-36.2
11:13:59	24.1	25.7	7955	-36.1
11:14:01	24.2	25.9	7951	-36.2
11:14:02	24.2	25.9	7952	-36.1
11:14:03	24.2	25.9	7950	-36.2
11:14:05	24.2	25.9	7946	-36.2
11:14:06	24.1	25.9	7952	-36.2
11:14:07	24.0	25.8	7956	-36.1
11:14:09	23.9	25.7	7956	-36.1
11:14:10	23.9	25.7	7949	-36.2
11:14:11	23.8	25.5	7949	-36.1
11:14:13	23.9	25.5	7949	-36.0
11:14:14	23.9	25.5	7946	-36.1
11:14:15	23.8	25.4	7952	-36.1
11:14:17	23.7	25.4	7947	-36.1
11:14:18	23.7	25.4	7951	-36.2
11:14:19	23.7	25.2	7966	-36.1
11:14:21	23.7	25.1	7962	-36.1
11:14:22	23.8	25.2	7961	-36.1
11:14:23	23.9	25.3	7962	-36.0
11:14:25	24.0	25.4	7957	-36.1
11:14:26	24.0	25.3	7953	-36.1
11:14:27	24.0	25.5	7956	-36.0
11:14:29	23.8	25.5	7960	-36.2
11:14:30	23.7	25.5	7957	-36.1
11:14:31	23.7	25.6	7952	-36.2
11:14:32	23.5	25.6	7952	-36.1
11:14:34	23.4	25.5	7952	-36.2
11:14:35	23.4	25.5	7949	-36.2
11:14:36	23.4	25.6	7950	-36.2
11:14:38	23.4	25.9	7950	-36.3
11:14:39	23.4	26.1	7956	-36.3
11:14:40	23.6	26.0	7949	-36.3
11:14:42	23.8	26.0	7950	-36.3
11:14:43	23.8	26.0	7956	-36.2
11:14:44	23.9	26.0	7960	-36.2
11:14:46	23.9	26.1	7960	-36.2
11:14:47	24.0	26.1	7949	-36.2
11:14:48	23.9	26.1	7949	-36.2
11:14:50	23.8	26.1	7949	-36.2
11:14:51	23.8	25.9	7949	-36.3
11:14:52	23.9	25.7	7952	-36.2
11:14:54	23.9	25.7	7952	-36.1
11:14:55	23.9	25.6	7950	-36.1
11:14:56	23.8	25.7	7944	-36.2
11:14:58	23.6	25.6	7942	-36.2
11:14:59	23.3	25.6	7935	-36.3
11:15:00	23.3	25.7	7942	-36.2
11:15:02	23.2	25.9	7941	-36.2
11:15:03	23.2	26.0	7937	-36.2
11:15:04	23.2	25.9	7937	-36.2
11:15:06	23.3	25.9	7941	-36.3
11:15:07	23.4	25.8	7941	-36.3
11:15:08	23.5	25.9	7942	-36.3
11:15:10	23.5	25.9	7945	-36.2
11:15:11	23.5	25.8	7944	-36.3
11:15:12	23.4	25.7	7967	-36.2
11:15:14	23.6	25.7	7962	-36.2
11:15:15	23.7	25.8	7946	-36.2
11:15:16	23.9	25.8	7939	-36.1
11:15:17	23.9	25.7	7945	-36.1
11:15:19	23.9	25.7	7940	-36.2
11:15:20	23.8	25.9	7941	-36.2
11:15:21	23.8	25.9	7945	-36.2
11:15:23	23.8	25.8	7949	-36.2
11:15:24	23.7	25.7	7944	-36.2
11:15:25	23.8	25.7	7951	-36.2
11:15:27	23.8	25.6	7963	-36.2
11:15:28	23.9	25.7	7957	-36.1
11:15:29	24.0	25.9	7946	-36.2
11:15:31	24.1	26.0	7947	-36.2
11:15:32	24.2	25.9	7955	-36.2
11:15:33	24.3	25.9	7957	-36.2
11:15:35	24.3	25.9	7950	-36.2
11:15:36	24.4	25.9	7942	-36.3
11:15:37	24.4	25.9	7940	-36.2
11:15:39	24.3	25.8	7942	-36.2
11:15:40	24.3	26.0	7941	-36.1
11:15:41	24.3	25.9	7936	-36.2
11:15:43	24.4	25.8	7932	-36.1
11:15:44	24.4	25.7	7939	-36.1
11:15:45	24.1	25.8	7942	-36.1
11:15:47	24.0	25.9	7945	-36.0
11:15:48	24.0	25.9	7944	-36.2
11:15:49	24.0	25.9	7944	-36.1
11:15:51	24.1	26.0	7936	-36.2
11:15:52	24.0	25.9	7950	-36.1
11:15:53	24.1	25.8	7942	-36.1
11:15:55	24.0	25.6	7935	-36.1
11:15:56	24.0	25.5	7941	-36.2
11:15:57	24.1	25.4	7940	-36.2
11:15:59	24.1	25.3	7937	-36.2
11:16:00	24.1	25.4	7936	-36.1
11:16:01	24.0	25.4	7935	-36.2
11:16:03	24.0	25.4	7934	-36.1
11:16:04	24.0	25.6	7941	-36.1
11:16:05	24.0	25.6	7939	-36.0
11:16:07	24.0	25.5	7930	-36.1
11:16:08	24.0	25.5	7929	-36.1
11:16:09	24.0	25.5	7935	-36.1
11:16:11	23.9	25.5	7934	-36.1
11:16:12	23.7	25.5	7939	-36.0
11:16:13	23.6	25.7	7936	-36.1
11:16:15	23.7	25.5	7932	-36.2
11:16:16	23.6	25.6	7931	-36.1
11:16:17	23.7	25.9	7927	-36.2
11:16:18	23.8	26.0	7929	-36.2
11:16:20	23.8	25.8	7939	-36.2
11:16:21	23.7	25.8	7942	-36.2
11:16:22	23.7	25.6	7941	-36.0
11:16:24	23.8	25.5	7944	-36.1
11:16:25	23.7	25.4	7939	-36.1
11:16:26	23.7	25.3	7936	-36.1
11:16:28	23.8	25.3	7942	-36.2
11:16:29	23.9	25.2	7929	-36.1
11:16:30	24.0	25.2	7927	-36.0
11:16:32	24.0	25.1	7932	-36.1
11:16:33	24.0	25.0	7939	-36.1
11:16:34	23.9	24.9	7937	-36.1
11:16:36	23.9	24.9	7937	-36.1
11:16:37	23.9	24.9	7936	-36.1
11:16:38	23.8	25.0	7927	-36.1
11:16:40	23.8	25.2	7925	-36.1
11:16:41	23.7	25.3	7924	-36.1
11:16:42	23.6	25.4	7924	-36.2
11:16:44	23.7	25.6	7924	-36.1
11:16:45	23.7	25.5	7923	-36.1
11:16:46	23.7	25.6	7923	-36.2
11:16:48	23.7	25.5	7921	-36.1
11:16:49	23.6	25.5	7925	-36.1
11:16:50	23.6	25.5	7923	-36.2
11:16:52	23.7	25.7	7929	-36.3
11:16:53	23.7	25.8	7929	-36.2
11:16:54	23.5	25.9	7929	-36.2
11:16:56	23.8	26.1	7926	-36.3
11:16:57	23.9	26.2	7931	-36.2
11:16:58	23.9	26.2	7929	-36.2
11:17:00	23.8	26.3	7925	-36.2
11:17:01	23.8	26.2	7921	-36.3
11:17:02	23.9	26.0	7920	-36.3
11:17:03	23.9	25.9	7921	-36.3
11:17:05	23.9	25.8	7924	-36.2
11:17:06	23.8	25.6	7920	-36.4
11:17:07	23.8	25.6	7924	-36.4
11:17:09	23.7	25.4	7920	-36.4
11:17:10	23.8	25.3	7924	-36.4
11:17:11	23.9	25.2	7929	-36.2
11:17:13	24.0	25.1	7936	-36.3
11:17:14	24.1	25.2	7940	-36.2
11:17:15	24.1	25.3	7929	-36.3
11:17:17	24.1	25.4	7925	-36.3
11:17:18	24.1	25.4	7921	-36.3
11:17:19	24.1	25.3	7918	-36.3
11:17:21	24.2	25.4	7923	-36.3
11:17:22	24.2	25.5	7925	-36.2
11:17:23	24.3	25.4	7920	-36.3
11:17:25	24.3	25.7	7918	-36.3
11:17:26	24.3	25.7	7923	-36.3
11:17:27	24.3	25.6	7920	-36.2
11:17:29	24.3	25.6	7920	-36.3
11:17:30	24.3	25.5	7919	-36.2
11:17:31	24.2	25.6	7919	-36.3
11:17:33	24.2	25.5	7920	-36.3
11:17:34	24.2	25.6	7923	-36.4
11:17:35	24.2	25.8	7927	-36.3
11:17:37	24.1	25.7	7932	-36.3
11:17:38	24.1	25.6	7925	-36.3
11:17:39	24.1	25.8	7927	-36.2
11:17:41	24.1	25.8	7925	-36.3
11:17:42	24.1	25.7	7923	-36.3
11:17:43	24.1	25.7	7920	-36.3
11:17:44	24.0	25.7	7918	-36.3
11:17:46	24.1	25.7	7926	-36.3
11:17:47	24.1	25.7	7923	-36.3
11:17:48	24.1	25.7	7918	-36.3
11:17:50	24.0	25.7	7918	-36.3
11:17:51	23.7	25.6	7920	-36.3
11:17:52	23.7	25.6	7919	-36.3
11:17:54	23.6	25.8	7921	-36.3
11:17:55	23.4	26.1	7919	-36.4
11:17:56	23.4	26.0	7923	-36.3
11:17:58	23.5	26.0	7919	-36.4
11:17:59	23.5	25.9	7918	-36.4
11:18:00	23.5	25.9	7916	-36.3
11:18:02	23.7	26.1	7918	-36.3
11:18:03	23.7	26.0	7916	-36.4
11:18:04	23.8	26.0	7918	-36.3
11:18:06	23.8	25.9	7921	-36.4
11:18:07	23.8	25.6	7924	-36.3
11:18:08	23.8	25.5	7920	-36.4
11:18:10	23.9	25.4	7921	-36.3
11:18:11	24.0	25.5	7923	-36.4
11:18:12	23.9	25.6	7923	-36.4
11:18:14	23.9	25.6	7923	-36.4
11:18:15	23.9	25.7	7926	-36.4
11:18:16	23.9	25.8	7925	-36.3
11:18:18	24.0	25.8	7925	-36.3
11:18:19	23.8	25.8	7935	-36.3
11:18:20	23.6	25.9	7942	-36.3
11:18:22	23.5	26.0	7939	-36.3
11:18:23	23.4	26.1	7936	-36.3
11:18:24	23.6	26.2	7932	-36.3
11:18:26	23.7	26.2	7927	-36.3
11:18:27	23.9	26.0	7935	-36.3
11:18:28	23.9	25.8	7945	-36.3
11:18:30	23.8	25.9	7941	-36.3
11:18:31	23.9	25.8	7937	-36.3
11:18:32	23.8	25.6	7937	-36.3
11:18:33	23.8	25.6	7942	-36.3
11:18:35	23.9	25.6	7945	-36.3
11:18:36	23.9	25.6	7945	-36.3
11:18:37	24.0	25.5	7944	-36.2
11:18:39	24.0	25.4	7942	-36.3
11:18:40	23.6	25.5	7945	-36.3
11:18:41	23.2	25.4	7946	-36.3
11:18:43	23.2	25.4	7945	-36.2
11:18:44	23.5	25.3	7947	-36.2
11:18:45	23.5	25.3	7945	-36.3
11:18:47	23.6	25.2	7946	-36.2
11:18:48	23.7	25.3	7953	-36.3
11:18:49	23.7	25.3	7957	-36.3
11:18:51	23.8	25.2	7957	-36.2
11:18:52	23.9	25.2	7958	-36.2
11:18:53	23.9	25.3	7957	-36.2
11:18:55	23.9	25.2	7960	-36.3
11:18:56	24.0	25.3	7931	-36.3
11:18:57	23.9	25.3	7906	-36.3
11:18:59	23.8	25.5	7918	-36.4
11:19:00	23.9	25.5	7918	-36.3
11:19:01	23.9	25.7	7919	-36.4
11:19:03	24.1	25.9	7920	-36.4
11:19:04	24.1	26.0	7915	-36.4
11:19:05	24.0	25.8	7914	-36.4
11:19:07	23.9	25.6	7920	-36.4
11:19:08	24.0	25.5	7915	-36.4
11:19:09	24.0	25.5	7915	-36.3
11:19:10	24.0	25.5	7913	-36.3
11:19:12	24.0	25.7	7909	-36.2
11:19:13	24.0	25.7	7914	-36.3
11:19:14	24.0	25.7	7925	-36.3
11:19:16	24.0	25.7	7919	-36.3
11:19:17	24.0	25.8	7915	-36.3
11:19:18	23.9	25.9	7919	-36.2
11:19:20	23.9	26.0	7915	-36.3
11:19:21	23.9	26.1	7919	-36.3
11:19:22	23.8	26.1	7915	-36.2
11:19:24	23.8	26.3	7923	-36.3
11:19:25	23.8	26.4	7926	-36.3
11:19:26	23.8	26.4	7919	-36.3
11:19:28	23.9	26.5	7915	-36.2
11:19:29	23.8	26.3	7904	-36.3
11:19:30	23.8	26.4	7904	-36.3
11:19:32	23.9	26.4	7908	-36.4
11:19:33	23.8	26.4	7909	-36.4
11:19:34	23.8	26.5	7924	-36.3
11:19:36	23.7	26.6	7925	-36.3
11:19:37	23.6	26.5	7918	-36.3
11:19:38	23.7	26.4	7904	-36.3
11:19:40	23.8	26.4	7904	-36.3
11:19:41	23.9	26.2	7903	-36.3
11:19:42	23.8	26.0	7906	-36.3
11:19:44	23.8	25.8	7909	-36.3
11:19:45	23.9	25.6	7904	-36.3
11:19:46	23.9	25.5	7900	-36.3
11:19:48	23.9	25.3	7919	-36.3
11:19:49	23.9	25.3	7913	-36.3
11:19:50	24.0	25.2	7908	-36.3
11:19:52	24.0	25.2	7904	-36.3
11:19:53	24.0	25.2	7913	-36.3
11:19:54	24.0	25.2	7914	-36.3
11:19:56	24.0	25.4	7909	-36.3
11:19:57	24.0	25.6	7914	-36.4
11:19:58	24.1	25.7	7908	-36.3
11:20:00	24.0	25.7	7906	-36.4
11:20:01	23.9	25.8	7905	-36.4
11:20:02	23.9	25.9	7903	-36.4
11:20:03	23.9	25.8	7910	-36.4
11:20:05	24.0	26.2	7918	-36.4
11:20:06	24.1	26.4	7908	-36.4
11:20:07	24.1	26.3	7914	-36.3
11:20:09	24.2	26.1	7909	-36.4
11:20:10	24.2	26.0	7909	-36.4
11:20:11	24.1	26.0	7904	-36.4
11:20:13	24.1	25.8	7904	-36.4
11:20:14	24.2	25.7	7906	-36.4
11:20:15	24.2	25.6	7899	-36.4
11:20:17	24.2	25.4	7898	-36.4
11:20:18	24.3	25.4	7900	-36.4
11:20:19	24.3	25.4	7903	-36.4
11:20:21	24.3	25.4	7901	-36.4
11:20:22	24.2	25.4	7901	-36.3
11:20:23	24.2	25.4	7903	-36.3
11:20:25	24.2	25.5	7901	-36.4
11:20:26	24.2	25.5	7900	-36.4
11:20:27	24.2	25.5	7900	-36.4
11:20:29	24.0	25.6	7905	-36.4
11:20:30	24.0	25.5	7901	-36.4
11:20:31	24.1	25.5	7900	-36.4
11:20:33	24.0	25.5	7899	-36.4
11:20:34	23.9	25.6	7901	-36.4
11:20:35	23.6	25.7	7905	-36.4
11:20:37	23.5	25.8	7906	-36.5
11:20:38	23.6	26.0	7903	-36.4
11:20:39	23.6	26.1	7900	-36.4
11:20:41	23.8	26.0	7906	-36.4
11:20:42	23.9	26.1	7913	-36.4
11:20:43	23.6	26.2	7908	-36.4
11:20:45	23.5	26.3	7906	-36.4
11:20:46	23.3	26.3	7901	-36.4
11:20:47	23.3	26.2	7900	-36.4
11:20:48	23.4	26.1	7905	-36.4
11:20:50	23.4	26.2	7909	-36.4
11:20:51	23.6	26.2	7906	-36.4
11:20:52	23.9	26.1	7895	-36.4
11:20:54	24.0	26.1	7894	-36.4
11:20:55	23.8	26.3	7892	-36.5
11:20:56	23.9	26.4	7894	-36.5
11:20:58	23.8	26.7	7893	-36.5
11:20:59	24.0	26.7	7894	-36.4
11:21:00	24.0	26.7	7892	-36.4
11:21:02	24.0	26.3	7898	-36.4
11:21:03	24.0	26.2	7894	-36.3
11:21:04	24.0	26.2	7893	-36.3
11:21:06	24.1	26.2	7890	-36.4
11:21:07	24.1	26.3	7897	-36.3
11:21:08	24.0	26.4	7894	-36.3
11:21:10	24.1	26.3	7893	-36.3
11:21:11	24.1	26.4	7898	-36.3
11:21:12	24.2	26.4	7899	-36.2
11:21:14	24.2	26.4	7897	-36.2
11:21:15	24.3	26.4	7894	-36.4
11:21:16	24.2	26.4	7894	-36.4
11:21:18	24.1	26.0	7893	-36.4
11:21:19	23.8	26.0	7897	-36.5
11:21:20	23.8	26.1	7894	-36.4
11:21:22	23.9	26.2	7892	-36.4
11:21:23	24.0	26.2	7890	-36.4
11:21:24	24.0	26.3	7889	-36.4
11:21:26	24.1	26.3	7892	-36.3
11:21:27	24.2	26.4	7894	-36.4
11:21:28	24.2	26.6	7892	-36.5
11:21:30	23.9	26.4	7890	-36.5
11:21:31	23.8	26.2	7894	-36.5
11:21:32	23.8	26.1	7893	-36.5
11:21:34	23.7	26.1	7894	-36.5
11:21:35	23.9	26.0	7892	-36.5
11:21:36	23.9	25.8	7893	-36.5
11:21:37	23.9	25.8	7893	-36.5
11:21:39	23.9	25.8	7884	-36.4
11:21:40	23.9	25.8	7889	-36.4
11:21:41	23.8	25.8	7880	-36.5
11:21:43	23.8	25.8	7877	-36.4
11:21:44	23.8	26.1	7889	-36.4
11:21:45	23.9	25.9	7884	-36.5
11:21:47	23.9	25.9	7879	-36.4
11:21:48	24.0	25.7	7882	-36.4
11:21:49	23.9	25.7	7888	-36.5
11:21:51	23.9	25.8	7890	-36.5
11:21:52	23.9	25.8	7884	-36.4
11:21:53	23.9	25.8	7883	-36.3
11:21:55	23.7	25.8	7877	-36.4
11:21:56	23.8	26.1	7890	-36.4
11:21:57	23.9	26.2	7879	-36.3
11:21:59	23.8	26.0	7877	-36.3
11:22:00	23.9	26.1	7877	-36.5
11:22:01	24.0	26.0	7874	-36.4
11:22:03	24.1	25.9	7878	-36.3
11:22:04	24.2	26.0	7878	-36.3
11:22:05	24.2	26.2	7879	-36.3
11:22:07	24.2	26.1	7887	-36.2
11:22:08	24.2	26.0	7878	-36.3
11:22:09	24.2	25.8	7874	-36.3
11:22:11	24.1	25.8	7873	-36.3
11:22:12	24.2	25.7	7875	-36.3
11:22:13	24.2	25.6	7877	-36.3
11:22:15	24.2	25.5	7878	-36.4
11:22:16	24.1	25.6	7875	-36.3
11:22:17	24.1	25.7	7875	-36.4
11:22:19	24.0	25.7	7873	-36.3
11:22:20	24.1	25.8	7879	-36.2
11:22:21	24.3	25.7	7889	-36.3
11:22:23	24.4	25.7	7875	-36.3
11:22:24	24.7	25.7	7873	-36.4
11:22:25	24.8	25.8	7888	-36.3
11:22:26	24.8	25.8	7880	-36.3
11:22:28	24.6	25.9	7873	-36.3
11:22:29	24.5	26.1	7878	-36.3
11:22:30	24.3	26.2	7878	-36.3
11:22:32	24.1	26.1	7875	-36.3
11:22:33	23.9	26.1	7882	-36.4
11:22:34	23.8	26.2	7875	-36.3
11:22:36	23.7	26.1	7882	-36.3
11:22:37	23.3	26.0	7879	-36.4
11:22:38	23.3	26.1	7874	-36.5
11:22:40	23.3	26.1	7873	-36.5
11:22:41	23.5	25.9	7874	-36.4
11:22:42	23.6	26.1	7875	-36.4
11:22:44	23.6	26.1	7882	-36.4
11:22:45	23.8	26.1	7893	-36.5
11:22:46	23.9	26.1	7887	-36.4
11:22:48	24.0	26.2	7872	-36.4
11:22:49	24.1	26.2	7871	-36.5
11:22:50	24.1	26.1	7900	-36.5
11:22:52	24.2	26.0	7893	-36.5
11:22:53	24.2	26.0	7894	-36.5
11:22:54	24.2	25.9	7894	-36.5
11:22:56	24.2	26.2	7888	-36.5
11:22:57	23.9	26.2	7874	-36.4
11:22:58	23.7	26.4	7885	-36.4
11:23:00	23.6	26.4	7887	-36.4
11:23:01	23.7	26.4	7889	-36.4
11:23:02	23.7	26.3	7883	-36.3
11:23:04	23.7	26.3	7878	-36.3
11:23:05	23.6	26.4	7868	-36.4
11:23:06	23.6	26.3	7867	-36.3
11:23:08	23.9	26.2	7872	-36.3
11:23:09	24.0	25.9	7869	-36.4
11:23:10	24.1	25.8	7868	-36.4
11:23:12	23.9	25.8	7894	-36.4
11:23:13	23.7	25.8	7897	-36.4
11:23:14	23.5	25.8	7890	-36.4
11:23:16	23.1	25.6	7885	-36.4
11:23:17	23.0	25.5	7888	-36.3
11:23:18	23.2	25.5	7889	-36.4
11:23:19	23.3	25.7	7890	-36.4
11:23:21	23.2	25.8	7877	-36.4
11:23:22	23.2	25.7	7879	-36.4
11:23:23	23.1	25.7	7893	-36.4
11:23:25	23.3	25.9	7887	-36.3
11:23:26	23.3	25.9	7888	-36.3
11:23:27	23.3	26.0	7884	-36.2
11:23:29	23.4	26.2	7885	-36.3
11:23:30	23.6	26.1	7892	-36.2
11:23:31	23.6	25.9	7892	-36.3
11:23:33	23.7	25.6	7889	-36.3
11:23:34	23.8	25.5	7890	-36.3
11:23:35	23.8	25.4	7890	-36.4
11:23:37	23.4	25.4	7892	-36.4
11:23:38	23.4	25.6	7889	-36.4
11:23:39	23.4	25.6	7893	-36.4
11:23:41	23.3	25.7	7892	-36.3
11:23:42	23.6	25.8	7873	-36.4
11:23:43	23.8	26.0	7869	-36.3
11:23:45	23.8	26.1	7864	-36.1
11:23:46	23.5	26.0	7866	-36.3
11:23:47	23.6	26.0	7867	-36.5
11:23:49	23.6	26.1	7867	-36.4
11:23:50	23.6	26.3	7868	-36.3
11:23:51	23.4	26.1	7868	-36.2
11:23:53	23.6	25.8	7866	-36.3
11:23:54	23.8	25.6	7866	-36.3
11:23:55	23.8	25.5	7866	-36.2
11:23:57	24.0	25.4	7867	-36.3
11:23:58	24.0	25.4	7866	-36.2
11:23:59	24.0	25.4	7867	-36.3
11:24:01	23.9	25.5	7866	-36.2
11:24:02	23.9	25.7	7864	-36.3
11:24:03	23.8	25.9	7866	-36.3
11:24:05	23.8	25.9	7864	-36.3
11:24:06	23.6	25.9	7862	-36.3
11:24:07	23.6	26.1	7863	-36.3
11:24:09	23.6	26.1	7864	-36.3
11:24:10	23.5	26.2	7871	-36.3
11:24:11	23.3	26.1	7871	-36.4
11:24:12	23.4	26.2	7868	-36.3
11:24:14	23.6	26.4	7866	-36.3
11:24:15	23.6	26.4	7863	-36.3
11:24:16	23.8	26.5	7859	-36.3
11:24:18	23.9	26.4	7863	-36.3
11:24:19	23.9	26.2	7874	-36.4
11:24:20	24.0	26.3	7868	-36.3
11:24:22	24.1	26.3	7866	-36.3
11:24:23	23.9	26.3	7863	-36.4
11:24:24	23.6	26.6	7864	-36.4
11:24:26	23.3	26.6	7867	-36.4
11:24:27	23.1	26.7	7866	-36.3
11:24:28	23.2	26.7	7862	-36.3
11:24:30	23.5	26.8	7861	-36.3
11:24:31	23.5	26.7	7867	-36.3
11:24:32	23.6	26.4	7882	-36.3
11:24:34	23.8	26.3	7872	-36.3
11:24:35	23.7	26.3	7864	-36.3
11:24:36	23.5	26.2	7866	-36.2
11:24:38	23.3	26.0	7867	-36.1
11:24:39	23.5	25.9	7869	-36.2
11:24:40	23.7	25.8	7867	-36.2
11:24:42	23.9	25.7	7863	-36.2
11:24:43	23.9	25.7	7859	-36.2
11:24:44	24.1	25.6	7863	-36.1
11:24:46	24.1	25.7	7867	-36.2
11:24:47	24.1	25.9	7866	-36.2
11:24:48	24.1	26.0	7862	-36.1
11:24:50	24.0	26.1	7862	-36.2
11:24:51	24.1	26.1	7863	-36.3
11:24:52	24.1	26.1	7866	-36.1
11:24:53	24.1	26.1	7859	-36.2
11:24:55	24.2	26.3	7861	-36.1
11:24:56	24.3	26.3	7861	-36.2
11:24:57	24.3	26.2	7866	-36.2
11:24:59	24.3	26.2	7880	-36.3
11:25:00	24.2	26.3	7889	-36.3
11:25:01	23.9	26.1	7873	-36.3
11:25:03	24.0	26.4	7864	-36.3
11:25:04	24.1	26.2	7863	-36.2
11:25:05	24.2	26.1	7862	-36.2
11:25:07	24.2	26.3	7859	-36.2
11:25:08	24.1	26.4	7862	-36.3
11:25:09	24.2	26.5	7858	-36.3
11:25:11	24.1	26.6	7862	-36.3
11:25:12	24.0	26.5	7869	-36.3
11:25:13	23.8	26.4	7872	-36.3
11:25:15	23.7	26.4	7874	-36.3
11:25:16	23.8	26.4	7866	-36.3
11:25:17	24.0	26.6	7868	-36.4
11:25:19	24.1	26.5	7868	-36.4
11:25:20	24.2	26.3	7871	-36.3
11:25:21	24.4	26.2	7867	-36.3
11:25:23	24.4	26.1	7867	-36.2
11:25:24	24.4	26.2	7866	-36.2
11:25:25	24.3	26.3	7869	-36.2
11:25:27	24.3	26.2	7868	-36.2
11:25:28	24.2	26.2	7867	-36.4
11:25:29	24.2	26.1	7864	-36.3
11:25:31	24.1	25.8	7868	-36.3
11:25:32	24.1	25.7	7874	-36.3
11:25:33	24.1	25.7	7869	-36.2
11:25:35	24.2	25.8	7864	-36.2
11:25:36	24.2	25.9	7869	-36.3
11:25:37	24.3	26.1	7868	-36.2
11:25:39	24.2	26.2	7864	-36.2
11:25:40	24.2	26.4	7864	-36.3
11:25:41	24.2	26.6	7867	-36.4
11:25:43	24.3	26.5	7867	-36.2
11:25:44	24.3	26.4	7863	-36.3
11:25:45	24.3	26.3	7868	-36.3
11:25:46	24.3	26.3	7867	-36.2
11:25:48	24.3	26.4	7866	-36.2
11:25:49	24.4	26.3	7875	-36.2
11:25:50	24.4	26.3	7874	-36.3
11:25:52	24.5	26.2	7875	-36.2
11:25:53	24.4	26.1	7877	-36.2
11:25:54	24.4	26.2	7875	-36.2
11:25:56	24.4	26.4	7882	-36.2
11:25:57	24.6	26.6	7887	-36.2
11:25:58	24.6	26.6	7893	-36.3
11:26:00	24.6	26.8	7893	-36.1
11:26:01	24.5	26.6	7893	-36.2
11:26:02	24.3	26.6	7893	-36.3
11:26:04	24.2	26.7	7884	-36.3
11:26:05	24.1	26.7	7885	-36.2
11:26:06	24.1	26.7	7893	-36.2
11:26:08	24.1	26.5	7895	-36.2
11:26:09	24.2	26.4	7897	-36.2
11:26:10	24.3	26.2	7895	-36.1
11:26:12	24.3	26.1	7895	-36.2
11:26:13	24.4	26.0	7894	-36.2
11:26:14	24.4	26.1	7895	-36.3
11:26:16	24.4	26.0	7898	-36.3
11:26:17	24.4	26.1	7899	-36.3
11:26:18	24.5	26.2	7901	-36.4
11:26:20	24.4	26.3	7903	-36.3
11:26:21	24.4	26.4	7905	-36.3
11:26:22	24.3	26.5	7905	-36.4
11:26:24	24.3	26.7	7908	-36.4
11:26:25	24.3	26.7	7909	-36.3
11:26:26	24.3	26.5	7914	-36.3
11:26:27	24.3	26.3	7915	-36.3
11:26:29	24.2	26.4	7919	-36.3
11:26:30	24.3	26.4	7923	-36.3
11:26:31	24.3	26.5	7924	-36.2
11:26:33	24.3	26.5	7926	-36.2
11:26:34	24.2	26.6	7929	-36.3
11:26:35	24.2	26.6	7932	-36.3
11:26:37	24.3	26.6	7936	-36.3
11:26:38	24.3	26.5	7936	-36.3
11:26:39	24.3	26.5	7942	-36.2
11:26:41	24.3	26.6	7945	-36.2
11:26:42	24.2	26.6	7949	-36.2
11:26:43	23.9	26.7	7951	-36.2
11:26:45	23.5	26.6	7957	-36.2
11:26:46	23.6	26.5	7960	-36.3
11:26:47	23.7	26.1	7962	-36.2
11:26:49	23.7	25.8	7968	-36.2
11:26:50	23.9	25.7	7972	-36.2
11:26:51	23.9	25.5	7973	-36.2
11:26:53	24.0	25.4	7976	-36.0
11:26:54	24.0	25.3	7983	-36.1
11:26:55	24.1	25.4	7988	-36.1
11:26:57	24.1	25.5	7991	-36.0
11:26:58	24.1	25.5	7996	-35.9
11:26:59	24.1	25.5	8002	-36.0
11:27:01	24.1	25.5	8003	-36.1
11:27:02	24.1	25.5	8005	-36.0
11:27:03	24.1	25.7	8012	-36.0
11:27:05	24.0	25.7	8014	-36.0
11:27:06	23.9	25.7	8019	-35.9
11:27:07	24.0	25.7	8026	-36.0
11:27:09	24.0	25.6	8033	-36.0
11:27:10	24.2	25.5	8034	-36.0
11:27:11	24.2	25.5	8036	-36.0
11:27:12	24.2	25.5	8045	-35.9
11:27:14	24.3	25.5	8049	-35.9
11:27:15	24.4	25.5	8052	-35.8
11:27:16	24.4	25.7	8062	-35.9
11:27:18	24.4	26.0	8065	-35.9
11:27:19	24.4	26.3	8069	-35.9
11:27:20	24.3	26.1	8075	-35.9
11:27:22	24.2	26.0	8078	-35.9
11:27:23	23.9	26.0	8083	-35.9
11:27:24	23.8	26.0	8088	-35.8
11:27:26	23.8	25.9	8093	-35.8
11:27:27	23.8	26.1	8097	-35.8
11:27:28	23.9	26.2	8101	-35.8
11:27:30	23.9	26.0	8104	-35.8
11:27:31	24.0	26.1	8106	-35.8
11:27:32	24.1	26.3	8106	-35.8
11:27:34	24.1	26.5	8108	-35.8
11:27:35	24.1	26.4	8107	-35.8
11:27:36	24.2	26.4	8104	-35.8
11:27:38	24.3	26.4	8102	-35.8
11:27:39	24.3	26.4	8101	-35.8
11:27:40	24.3	26.5	8093	-35.8
11:27:42	24.2	26.4	8087	-35.8
11:27:43	24.2	26.4	8078	-35.7
11:27:44	24.2	26.5	8064	-35.8
11:27:46	24.3	26.7	8049	-35.8
11:27:47	24.3	26.5	8033	-35.8
11:27:48	24.4	26.5	8015	-35.9
11:27:50	24.4	26.3	7982	-35.9
11:27:51	24.4	26.0	7973	-36.0
11:27:52	24.5	25.8	7960	-36.0
11:27:54	24.4	25.7	7934	-36.0
11:27:55	24.3	25.7	7919	-36.1
11:27:56	24.2	25.8	7905	-36.1
11:27:57	24.3	25.9	7892	-36.1
11:27:59	24.2	25.9	7854	-36.3
11:28:00	24.0	25.9	7845	-36.3
11:28:01	24.0	26.0	7832	-36.3
11:28:03	24.1	26.0	7821	-36.3
11:28:04	24.2	26.0	7800	-36.4
11:28:05	24.2	26.1	7789	-36.2
11:28:07	24.2	26.1	7778	-36.4
11:28:08	24.0	26.2	7755	-36.4
11:28:09	23.8	26.2	7747	-36.5
11:28:11	23.7	26.3	7734	-36.4
11:28:12	23.6	26.5	7715	-36.5
11:28:13	23.6	26.4	7707	-36.5
11:28:15	23.8	26.5	7695	-36.6
11:28:16	23.8	26.5	7682	-36.7
11:28:17	23.9	26.5	7659	-36.7
11:28:19	23.9	26.5	7644	-36.8
11:28:20	23.9	26.6	7633	-36.9
11:28:21	24.0	26.7	7623	-36.9
11:28:23	24.2	26.8	7606	-36.9
11:28:24	24.3	26.7	7593	-36.9
11:28:25	24.4	26.7	7583	-36.9
11:28:27	24.5	26.7	7567	-36.9
11:28:28	24.5	26.6	7557	-37.1
11:28:29	24.6	26.5	7549	-37.0
11:28:31	24.7	26.5	7540	-37.0
11:28:32	24.7	26.5	7522	-37.1
11:28:33	24.7	26.6	7515	-37.2
11:28:35	24.7	26.6	7507	-37.2
11:28:36	24.7	26.5	7489	-37.3
11:28:37	24.7	26.3	7481	-37.3
11:28:38	24.7	26.2	7468	-37.3
11:28:40	24.7	26.2	7460	-37.3
11:28:41	24.7	26.2	7444	-37.3
11:28:42	24.6	26.0	7436	-37.5
11:28:44	24.5	26.1	7421	-37.5
11:28:45	24.5	26.1	7401	-37.6
11:28:46	24.5	26.0	7394	-37.6
11:28:48	24.5	25.8	7387	-37.6
11:28:49	24.5	25.7	7379	-37.6
11:28:50	24.5	25.7	7364	-37.7
11:28:52	24.5	25.7	7356	-37.7
11:28:53	24.4	25.7	7347	-37.7
11:28:54	24.5	25.6	7331	-37.7
11:28:56	24.4	25.6	7322	-37.7
11:28:57	24.4	25.7	7317	-37.7
11:28:58	24.4	25.8	7300	-37.8
11:29:00	24.3	25.8	7290	-37.8
11:29:01	24.3	25.9	7285	-37.9
11:29:02	24.3	25.9	7278	-37.9
11:29:04	24.4	25.9	7264	-37.9
11:29:05	24.4	26.0	7257	-37.8
11:29:06	24.3	25.9	7250	-37.9
11:29:08	24.4	25.9	7237	-37.9
11:29:09	24.5	26.1	7228	-37.8
11:29:10	24.5	26.1	7220	-38.0
11:29:12	24.5	26.3	7211	-38.0
11:29:13	24.4	26.4	7197	-38.1
11:29:14	24.4	26.4	7186	-38.1
11:29:16	24.3	26.5	7175	-38.2
11:29:17	24.4	26.5	7160	-38.1
11:29:18	24.4	26.6	7153	-38.2
11:29:20	24.5	26.5	7148	-38.0
11:29:21	24.6	26.7	7138	-38.2
11:29:22	24.7	26.9	7123	-38.2
11:29:24	24.7	26.9	7119	-38.3
11:29:25	24.8	26.8	7109	-38.4
11:29:26	24.7	26.7	7097	-38.5
11:29:28	24.7	26.4	7092	-38.4
11:29:29	24.7	26.5	7082	-38.4
11:29:30	24.8	26.8	7078	-38.5
11:29:31	24.8	26.8	7066	-38.5
11:29:33	24.8	26.9	7059	-38.4
11:29:34	24.8	26.8	7051	-38.5
11:29:35	24.8	26.8	7040	-38.4
11:29:37	24.7	26.9	7035	-38.6
11:29:38	24.7	26.8	7029	-38.7
11:29:39	24.7	26.7	7024	-38.6
11:29:41	24.7	26.7	7010	-38.6
11:29:42	24.7	26.7	7005	-38.6
11:29:43	24.7	26.6	6996	-38.7
11:29:45	24.5	26.5	6984	-38.7
11:29:46	24.4	26.5	6981	-38.7
11:29:47	24.4	26.5	6971	-38.8
11:29:49	24.3	26.6	6965	-38.8
11:29:50	24.2	26.5	6941	-38.7
11:29:51	24.2	26.5	6935	-38.8
11:29:53	24.3	26.4	6931	-38.9
11:29:54	24.3	26.3	6919	-38.6
11:29:55	24.3	26.6	6910	-38.8
11:29:57	24.5	26.7	6908	-38.8
11:29:58	24.5	26.8	6903	-38.9
11:29:59	24.5	26.8	6890	-38.9
11:30:01	24.3	26.8	6885	-39.0
11:30:02	24.2	26.7	6880	-39.0
11:30:03	24.2	26.7	6868	-39.0
11:30:05	24.3	26.7	6862	-39.0
11:30:06	24.4	26.7	6856	-39.1
11:30:07	24.4	26.5	6851	-39.1
11:30:09	24.5	26.5	6842	-39.0
11:30:10	24.5	26.4	6836	-39.0
11:30:11	24.5	26.3	6828	-39.1
11:30:13	24.5	26.3	6820	-39.1
11:30:14	24.6	26.8	6815	-39.1
11:30:15	24.6	26.7	6810	-39.1
11:30:16	24.6	26.7	6802	-39.1
11:30:18	24.6	26.7	6794	-39.2
11:30:19	24.6	26.7	6788	-39.2
11:30:20	24.6	26.8	6784	-39.2
11:30:22	24.6	26.7	6773	-39.2
11:30:23	24.6	26.8	6769	-39.3
11:30:24	24.6	26.6	6765	-39.2
11:30:26	24.7	26.6	6758	-39.3
11:30:27	24.6	26.6	6749	-39.4
11:30:28	24.5	26.6	6743	-39.5
11:30:30	24.4	26.5	6738	-39.3
11:30:31	24.5	26.7	6731	-39.3
11:30:32	24.5	26.6	6711	-39.3
11:30:34	24.6	26.7	6707	-39.5
11:30:35	24.4	26.5	6703	-39.5
11:30:36	24.2	26.5	6694	-39.4
11:30:38	24.3	26.4	6686	-39.3
11:30:39	24.2	26.5	6681	-39.3
11:30:40	24.4	26.6	6675	-39.4
11:30:42	24.4	26.7	6668	-39.6
11:30:43	24.4	26.6	6665	-39.5
11:30:44	24.4	26.5	6659	-39.6
11:30:46	24.4	26.7	6650	-39.5
11:30:47	24.4	26.6	6645	-39.5
11:30:48	24.3	26.4	6639	-39.4
11:30:50	24.0	26.3	6629	-39.7
11:30:51	23.9	26.4	6624	-39.7
11:30:52	23.9	26.5	6621	-39.8
11:30:54	23.8	26.6	6616	-39.8
11:30:55	23.7	26.5	6609	-39.6
11:30:56	23.4	26.4	6602	-39.5
11:30:58	23.4	26.5	6598	-39.7
11:30:59	23.6	26.6	6590	-39.8
11:31:00	23.7	26.7	6586	-39.8
11:31:01	23.7	26.6	6583	-40.0
11:31:03	23.7	26.6	6577	-40.0
11:31:04	23.5	26.7	6569	-39.8
11:31:05	23.7	26.8	6564	-39.8
11:31:07	23.9	26.8	6560	-40.0
11:31:08	24.0	26.7	6551	-40.0
11:31:09	24.1	26.7	6545	-39.9
11:31:11	24.1	26.4	6541	-40.0
11:31:12	24.1	26.3	6539	-40.0
11:31:13	24.1	26.2	6529	-40.0
11:31:15	24.1	26.2	6525	-40.0
11:31:16	24.2	26.2	6518	-40.1
11:31:17	24.3	26.3	6512	-40.1
11:31:19	24.3	26.3	6509	-40.1
11:31:20	24.4	26.3	6507	-40.0
11:31:21	24.4	26.3	6500	-40.0
11:31:23	24.4	26.2	6482	-40.0
11:31:24	24.5	26.3	6477	-40.1
11:31:25	24.5	26.3	6473	-40.0
11:31:27	24.6	26.3	6467	-40.1
11:31:28	24.5	26.5	6466	-40.3
11:31:29	24.3	26.6	6458	-40.2
11:31:31	24.3	26.7	6452	-40.1
11:31:32	24.2	26.6	6450	-40.2
11:31:33	24.2	26.6	6445	-40.3
11:31:35	24.3	26.9	6440	-40.3
11:31:36	24.3	26.9	6434	-40.3
11:31:37	24.4	26.7	6427	-40.3
11:31:39	24.4	26.6	6424	-40.4
11:31:40	24.5	26.4	6421	-40.4
11:31:41	24.5	26.4	6410	-40.4
11:31:43	24.5	26.3	6408	-40.2
11:31:44	24.5	26.1	6405	-40.4
11:31:45	24.5	26.0	6397	-40.4
11:31:47	24.5	25.9	6393	-40.4
11:31:48	24.6	25.9	6388	-40.5
11:31:49	24.6	26.1	6387	-40.5
11:31:51	24.5	26.3	6378	-40.5
11:31:52	24.3	26.3	6374	-40.5
11:31:53	24.1	26.3	6371	-40.5
11:31:55	24.1	26.3	6367	-40.6
11:31:56	24.2	26.4	6362	-40.6
11:31:57	24.2	26.4	6359	-40.6
11:31:59	24.3	26.2	6354	-40.7
11:32:00	24.3	26.1	6351	-40.7
11:32:01	24.1	26.1	6346	-40.7
11:32:02	24.2	26.3	6341	-40.7
11:32:04	24.2	26.3	6336	-40.7
11:32:05	24.2	26.2	6331	-40.7
11:32:06	24.3	26.2	6328	-40.8
11:32:08	24.3	26.1	6327	-40.9
11:32:09	24.1	26.1	6316	-40.9
11:32:10	24.0	26.2	6312	-40.9
11:32:12	24.0	26.3	6310	-40.9
11:32:13	24.1	26.3	6302	-40.9
11:32:14	24.0	26.4	6301	-40.9
11:32:16	24.1	26.6	6295	-40.9
11:32:17	24.1	26.6	6293	-40.9
11:32:18	24.1	26.6	6286	-40.8
11:32:20	24.3	26.6	6281	-41.0
11:32:21	24.3	26.5	6278	-41.0
11:32:22	24.4	26.5	6272	-40.9
11:32:24	24.4	26.5	6264	-40.9
11:32:25	24.3	26.5	6263	-41.0
11:32:26	24.3	26.6	6252	-41.0
11:32:28	24.3	26.8	6246	-41.0
11:32:29	24.3	26.7	6242	-41.0
11:32:30	24.2	26.5	6239	-41.0
11:32:32	24.1	26.8	6232	-40.9
11:32:33	24.2	26.7	6229	-41.0
11:32:34	24.2	26.6	6226	-41.0
11:32:36	24.1	26.7	6222	-41.1
11:32:37	24.1	26.7	6217	-41.1
11:32:38	24.2	26.5	6212	-41.1
11:32:40	24.2	26.3	6210	-41.1
11:32:41	24.3	26.2	6203	-41.2
11:32:42	24.4	26.1	6202	-41.2
11:32:44	24.3	26.1	6200	-41.1
11:32:45	24.3	26.0	6197	-41.0
11:32:46	24.2	25.9	6192	-41.2
11:32:48	24.1	25.7	6191	-41.2
11:32:49	24.1	25.6	6185	-41.2
11:32:50	24.2	25.5	6181	-41.2
11:32:52	24.3	25.5	6179	-41.3
11:32:53	24.4	25.4	6174	-41.1
11:32:54	24.4	25.4	6170	-41.2
11:32:55	24.4	25.4	6166	-41.3
11:32:57	24.4	25.3	6160	-41.3
11:32:58	24.3	25.3	6155	-41.3
11:32:59	24.4	25.2	6153	-41.3
11:33:01	24.4	25.2	6148	-41.3
11:33:02	24.4	25.3	6148	-41.4
11:33:03	24.2	25.2	6143	-41.4
11:33:05	24.3	25.2	6140	-41.4
11:33:06	24.2	25.2	6137	-41.4
11:33:07	23.9	25.3	6135	-41.5
11:33:09	23.8	25.5	6129	-41.3
11:33:10	23.8	25.4	6124	-41.2
11:33:11	23.9	25.4	6122	-41.3
11:33:13	24.0	25.3	6121	-41.2
11:33:14	24.1	25.3	6114	-41.2
11:33:15	24.2	25.4	6113	-41.4
11:33:17	24.3	25.5	6112	-41.4
11:33:18	24.3	25.4	6106	-41.3
11:33:19	24.4	25.4	6102	-41.3
11:33:21	24.4	25.4	6101	-41.5
11:33:22	24.4	25.4	6093	-41.5
11:33:23	24.4	25.4	6090	-41.4
11:33:25	24.5	25.3	6087	-41.5
11:33:26	24.5	25.3	6083	-41.4
11:33:27	24.5	25.3	6081	-41.5
11:33:29	24.5	25.3	6076	-41.5
11:33:30	24.5	25.3	6074	-41.5
11:33:31	24.5	25.3	6071	-41.4
11:33:33	24.5	25.2	6066	-41.4
11:33:34	24.4	25.2	6062	-41.4
11:33:35	24.4	25.1	6061	-41.4
11:33:36	24.4	25.1	6055	-41.5
11:33:38	24.4	25.1	6055	-41.6
11:33:39	24.4	25.1	6054	-41.6
11:33:40	24.4	25.0	6049	-41.6
11:33:42	24.4	25.0	6041	-41.6
11:33:43	24.4	25.0	6041	-41.5
11:33:44	24.3	25.0	6039	-41.4
11:33:46	24.4	25.0	6028	-41.5
11:33:47	24.4	25.0	6024	-41.5
11:33:48	24.4	25.0	6019	-41.6
11:33:50	24.4	25.0	6018	-41.7
11:33:51	24.4	25.0	6012	-41.7
11:33:52	24.4	25.0	6009	-41.5
11:33:54	24.4	25.0	6007	-41.6
11:33:55	24.4	25.0	6000	-41.7
11:33:56	24.4	25.0	5999	-41.7
11:33:58	24.4	25.0	5997	-41.7
11:33:59	24.4	25.0	5996	-41.8
11:34:00	24.4	25.0	5989	-41.8
11:34:02	24.4	25.1	5987	-41.8
11:34:03	24.4	25.2	5984	-41.7
11:34:04	24.4	25.2	5982	-41.8
11:34:05	24.4	25.5	5979	-41.8
11:34:07	24.4	25.6	5976	-41.8
11:34:08	24.4	25.6	5973	-41.7
11:34:09	24.4	25.5	5970	-41.9
11:34:11	24.4	25.4	5967	-41.8
11:34:12	24.5	25.3	5967	-41.8
11:34:13	24.5	25.3	5966	-41.7
11:34:15	24.4	25.2	5958	-41.7
11:34:16	24.4	25.2	5953	-41.7
11:34:17	24.4	25.1	5953	-41.7
11:34:19	24.4	25.1	5951	-41.8
11:34:20	24.4	25.1	5946	-41.9
11:34:21	24.4	25.1	5946	-41.9
11:34:23	24.4	25.1	5944	-41.9
11:34:24	24.4	25.1	5939	-41.9
11:34:25	24.4	25.0	5937	-41.9
11:34:27	24.4	25.1	5936	-41.9
11:34:28	24.4	25.0	5929	-41.7
11:34:29	24.4	25.0	5926	-41.6
11:34:31	24.4	25.1	5925	-41.8
11:34:32	24.4	25.0	5923	-41.8
11:34:33	24.4	25.0	5920	-41.9
11:34:35	24.4	25.1	5919	-41.9
11:34:36	24.4	25.1	5918	-42.0
11:34:37	24.4	25.1	5914	-42.0
11:34:39	24.4	25.2	5911	-41.9
11:34:40	24.5	25.2	5910	-41.9
11:34:41	24.5	25.2	5905	-42.0
11:34:42	24.5	25.2	5903	-41.9
11:34:44	24.5	25.2	5901	-41.9
11:34:45	24.5	25.2	5899	-41.9
11:34:46	24.5	25.2	5895	-41.8
11:34:48	24.5	25.2	5892	-41.9
11:34:49	24.6	25.2	5890	-41.9
11:34:50	24.5	25.2	5887	-42.0
11:34:52	24.5	25.2	5887	-42.0
11:34:53	24.5	25.2	5884	-41.9
11:34:54	24.5	25.2	5880	-41.9
11:34:56	24.5	25.2	5879	-41.9
11:34:57	24.6	25.2	5878	-42.0
11:34:58	24.6	25.2	5874	-42.0
11:35:00	24.5	25.1	5873	-42.1
11:35:01	24.6	25.2	5871	-42.0
11:35:02	24.5	25.1	5868	-42.0
11:35:04	24.6	25.2	5864	-42.0
11:35:05	24.6	25.1	5858	-42.0
11:35:06	24.6	25.1	5858	-42.1
11:35:08	24.5	25.1	5857	-42.0
11:35:09	24.5	25.1	5857	-41.9
11:35:10	24.5	25.1	5853	-42.1
11:35:12	24.6	25.2	5853	-42.1
11:35:13	24.5	25.2	5848	-42.0
11:35:14	24.5	25.2	5845	-42.1
11:35:16	24.6	25.2	5842	-42.1
11:35:17	24.5	25.2	5841	-42.1
11:35:18	24.6	25.2	5841	-42.2
11:35:20	24.6	25.2	5836	-42.1
11:35:21	24.6	25.2	5833	-42.1
11:35:22	24.6	25.3	5830	-42.1
11:35:23	24.6	25.3	5827	-42.1
11:35:25	24.6	25.4	5826	-42.1
11:35:26	24.6	25.5	5825	-42.0
11:35:27	24.6	25.7	5824	-41.9
11:35:29	24.6	25.6	5819	-42.1
11:35:30	24.6	25.5	5819	-42.1
11:35:31	24.6	25.6	5816	-42.1
11:35:33	24.6	25.7	5811	-42.2
11:35:34	24.6	25.6	5811	-42.0
11:35:35	24.6	25.5	5809	-42.1
11:35:37	24.6	25.5	5807	-42.2
11:35:38	24.6	25.4	5804	-42.2
11:35:39	24.6	25.4	5802	-42.2
11:35:41	24.6	25.3	5794	-42.2
11:35:42	24.5	25.3	5786	-42.2
11:35:43	24.6	25.3	5784	-42.0
11:35:45	24.6	25.3	5783	-42.1
11:35:46	24.6	25.3	5781	-42.0
11:35:47	24.6	25.3	5776	-42.0
11:35:49	24.6	25.3	5775	-42.1
11:35:50	24.6	25.3	5774	-42.0
11:35:51	24.6	25.3	5770	-42.1
11:35:53	24.6	25.3	5769	-42.1
11:35:54	24.7	25.4	5768	-42.1
11:35:55	24.6	25.4	5765	-42.2
11:35:57	24.6	25.4	5763	-42.1
11:35:58	24.6	25.3	5763	-42.2
11:35:59	24.6	25.3	5759	-42.2
11:36:01	24.6	25.3	5759	-42.1
11:36:02	24.6	25.3	5757	-42.2
11:36:03	24.6	25.3	5757	-42.2
11:36:04	24.6	25.2	5754	-42.0
11:36:06	24.6	25.3	5750	-42.2
11:36:07	24.6	25.3	5748	-42.3
11:36:08	24.6	25.3	5750	-42.3
11:36:10	24.6	25.3	5743	-42.3
11:36:11	24.6	25.3	5742	-42.3
11:36:12	24.6	25.3	5739	-42.3
11:36:14	24.6	25.3	5739	-42.3
11:36:15	24.6	25.3	5738	-42.2
11:36:16	24.6	25.3	5732	-42.1
11:36:18	24.6	25.3	5734	-42.2
11:36:19	24.6	25.3	5733	-42.2
11:36:20	24.6	25.3	5731	-42.3
11:36:22	24.6	25.3	5728	-42.3
11:36:23	24.6	25.3	5728	-42.3
11:36:24	24.6	25.3	5725	-42.3
11:36:26	24.7	25.3	5722	-42.3
11:36:27	24.7	25.4	5720	-42.3
11:36:28	24.6	25.3	5720	-42.2
11:36:30	24.6	25.3	5717	-42.3
11:36:31	24.6	25.3	5716	-42.4
11:36:32	24.6	25.3	5712	-42.4
11:36:34	24.6	25.3	5711	-42.2
11:36:35	24.6	25.3	5706	-42.4
11:36:36	24.6	25.3	5706	-42.2
11:36:38	24.6	25.4	5706	-42.2
11:36:39	24.7	25.4	5703	-42.1
11:36:40	24.7	25.3	5703	-42.2
11:36:42	24.6	25.3	5703	-42.4
11:36:43	24.6	25.3	5701	-42.4
11:36:44	24.6	25.3	5699	-42.3
11:36:46	24.6	25.3	5697	-42.2
11:36:47	24.6	25.3	5694	-42.4
11:36:48	24.7	25.4	5692	-42.4
11:36:50	24.7	25.4	5691	-42.5
11:36:51	24.7	25.4	5690	-42.5
11:36:52	24.7	25.4	5687	-42.4
11:36:54	24.7	25.5	5686	-42.4
11:36:55	24.7	25.5	5684	-42.4
11:36:56	24.7	25.5	5681	-42.4
11:36:57	24.7	25.5	5680	-42.4
11:36:59	24.7	25.5	5680	-42.5
11:37:00	24.7	25.5	5676	-42.5
11:37:01	24.8	25.5	5674	-42.4
11:37:03	24.7	25.4	5674	-42.4
11:37:04	24.7	25.5	5671	-42.5
11:37:05	24.8	25.5	5673	-42.5
11:37:07	24.8	25.5	5671	-42.5
11:37:08	24.8	25.6	5670	-42.5
11:37:09	24.8	25.6	5668	-42.4
11:37:11	24.8	25.5	5663	-42.4
11:37:12	24.8	25.4	5661	-42.5
11:37:13	24.7	25.5	5661	-42.5
11:37:15	24.7	25.5	5660	-42.4
11:37:16	24.7	25.4	5660	-42.5
11:37:17	24.7	25.5	5659	-42.5
11:37:19	24.7	25.5	5658	-42.5
11:37:20	24.7	25.4	5656	-42.6
11:37:21	24.7	25.4	5654	-42.5
11:37:23	24.7	25.4	5653	-42.4
11:37:24	24.7	25.5	5650	-42.5
11:37:25	24.7	25.4	5648	-42.5
11:37:27	24.7	25.4	5645	-42.4
11:37:28	24.7	25.4	5645	-42.4
11:37:29	24.7	25.4	5644	-42.4
11:37:31	24.7	25.4	5644	-42.5
11:37:32	24.7	25.5	5643	-42.6
11:37:33	24.8	25.5	5640	-42.7
11:37:35	24.7	25.5	5639	-42.5
11:37:36	24.8	25.5	5638	-42.6
11:37:37	24.7	25.4	5639	-42.6
11:37:39	24.7	25.4	5633	-42.4
11:37:40	24.7	25.4	5634	-42.4
11:37:41	24.7	25.4	5635	-42.6
11:37:43	24.7	25.4	5629	-42.5
11:37:44	24.7	25.4	5630	-42.5
11:37:45	24.7	25.4	5629	-42.6
11:37:47	24.7	25.4	5627	-42.4
11:37:48	24.7	25.4	5627	-42.4
11:37:49	24.7	25.5	5621	-42.4
11:37:51	24.7	25.4	5619	-42.4
11:37:52	24.7	25.4	5619	-42.6
11:37:53	24.7	25.4	5618	-42.6
11:37:54	24.7	25.4	5618	-42.5
11:37:56	24.7	25.4	5616	-42.6
11:37:57	24.7	25.4	5613	-42.7
11:37:58	24.7	25.5	5613	-42.6
11:38:00	24.7	25.5	5612	-42.6
11:38:01	24.7	25.4	5611	-42.6
11:38:02	24.7	25.5	5604	-42.4
11:38:04	24.7	25.4	5606	-42.6
11:38:05	24.7	25.4	5604	-42.6
11:38:06	24.7	25.4	5601	-42.6
11:38:08	24.8	25.5	5600	-42.5
11:38:09	24.7	25.4	5600	-42.6
11:38:10	24.7	25.4	5601	-42.6
11:38:12	24.7	25.4	5598	-42.4
11:38:13	24.7	25.4	5598	-42.5
11:38:14	24.7	25.4	5593	-42.5
11:38:16	24.7	25.4	5592	-42.5
11:38:17	24.7	25.4	5588	-42.6
11:38:18	24.7	25.5	5590	-42.6
11:38:20	24.7	25.4	5591	-42.7
11:38:21	24.7	25.4	5587	-42.6
11:38:22	24.7	25.5	5587	-42.5
11:38:24	24.7	25.4	5585	-42.5
11:38:25	24.7	25.4	5585	-42.6
11:38:26	24.7	25.4	5585	-42.6
11:38:28	24.6	25.4	5583	-42.6
11:38:29	24.6	25.4	5582	-42.6
11:38:30	24.7	25.4	5580	-42.7
11:38:32	24.7	25.4	5578	-42.7
11:38:33	24.6	25.3	5576	-42.6
11:38:34	24.6	25.3	5575	-42.6
11:38:36	24.7	25.4	5574	-42.7
11:38:37	24.7	25.4	5571	-42.7
11:38:38	24.7	25.4	5565	-42.6
11:38:39	24.7	25.4	5571	-42.5
11:38:41	24.7	25.4	5567	-42.6
11:38:42	24.6	25.3	5562	-42.6
11:38:43	24.7	25.3	5559	-42.5
11:38:45	24.6	25.3	5561	-42.7
11:38:46	24.7	25.3	5561	-42.6
11:38:47	24.7	25.3	5552	-42.7
11:38:49	24.7	25.3	5555	-42.6
11:38:50	24.7	25.4	5551	-42.5
11:38:51	24.7	25.4	5550	-42.6
11:38:53	24.7	25.4	5548	-42.6
11:38:54	24.7	25.4	5546	-42.6
11:38:55	24.7	25.5	5546	-42.5
11:38:57	24.7	25.5	5548	-42.5
11:38:58	24.7	25.5	5544	-42.7
11:38:59	24.8	25.5	5543	-42.7
11:39:01	24.8	25.5	5541	-42.7
11:39:02	24.8	25.5	5540	-42.7
11:39:03	24.8	25.5	5538	-42.7
11:39:05	24.8	25.5	5535	-42.6
11:39:06	24.8	25.6	5539	-42.5
11:39:07	24.8	25.5	5538	-42.6
11:39:09	24.8	25.6	5534	-42.7
11:39:10	24.8	25.5	5533	-42.8
11:39:11	24.8	25.5	5531	-42.7
11:39:13	24.8	25.5	5529	-42.6
11:39:14	24.8	25.5	5529	-42.6
11:39:15	24.7	25.4	5528	-42.6
11:39:17	24.7	25.5	5529	-42.7
11:39:18	24.8	25.5	5528	-42.8
11:39:19	24.8	25.5	5525	-42.7
11:39:21	24.8	25.5	5524	-42.6
11:39:22	24.8	25.5	5528	-42.6
11:39:23	24.8	25.5	5525	-42.7
11:39:25	24.7	25.5	5520	-42.6
11:39:26	24.7	25.5	5523	-42.7
11:39:27	24.7	25.7	5519	-42.6
11:39:28	24.7	25.7	5519	-42.6
11:39:30	24.8	25.6	5518	-42.6
11:39:31	24.8	25.5	5518	-42.6
11:39:32	24.8	25.5	5517	-42.6
11:39:34	24.7	25.4	5517	-42.7
11:39:35	24.7	25.5	5517	-42.6
11:39:36	24.7	25.6	5514	-42.7
11:39:38	24.7	25.5	5513	-42.6
11:39:39	24.7	25.6	5510	-42.5
11:39:40	24.8	25.6	5510	-42.6
11:39:42	24.8	25.5	5512	-42.5
11:39:43	24.8	25.5	5508	-42.6
11:39:44	24.7	25.5	5508	-42.6
11:39:46	24.7	25.5	5507	-42.8
11:39:47	24.7	25.4	5508	-42.8
11:39:48	24.7	25.4	5504	-42.7
11:39:50	24.7	25.4	5504	-42.8
11:39:51	24.7	25.4	5505	-42.8
11:39:52	24.7	25.4	5502	-42.8
11:39:54	24.7	25.4	5500	-42.6
11:39:55	24.7	25.4	5498	-42.7
11:39:56	24.7	25.4	5498	-42.8
11:39:58	24.7	25.3	5498	-42.8
11:39:59	24.6	25.4	5498	-42.6
11:40:00	24.7	25.4	5496	-42.8
11:40:02	24.7	25.4	5497	-42.7
11:40:03	24.7	25.4	5494	-42.8
11:40:04	24.7	25.4	5494	-42.8
11:40:06	24.7	25.4	5491	-42.7
11:40:07	24.7	25.4	5494	-42.8
11:40:08	24.7	25.4	5492	-42.8
11:40:10	24.7	25.4	5492	-42.8
11:40:11	24.7	25.4	5487	-42.8
11:40:12	24.8	25.4	5488	-42.9
11:40:13	24.7	25.4	5488	-42.7
11:40:15	24.8	25.4	5487	-42.7
11:40:16	24.7	25.4	5486	-42.8
11:40:17	24.7	25.5	5486	-42.8
11:40:19	24.7	25.5	5484	-42.8
11:40:20	24.7	25.4	5484	-42.8
11:40:21	24.7	25.5	5484	-42.8
11:40:23	24.7	25.5	5482	-42.6
11:40:24	24.7	25.5	5478	-42.8
11:40:25	24.7	25.5	5477	-42.8
11:40:27	24.7	25.4	5479	-42.8
11:40:28	24.7	25.4	5477	-42.9
11:40:29	24.7	25.4	5477	-42.8
11:40:31	24.7	25.3	5476	-42.9
11:40:32	24.7	25.3	5476	-42.9
11:40:33	24.7	25.3	5475	-42.8
11:40:35	24.7	25.3	5476	-42.9
11:40:36	24.7	25.3	5475	-42.9
11:40:37	24.7	25.3	5473	-42.9
11:40:39	24.7	25.3	5473	-42.9
11:40:40	24.7	25.3	5473	-43.0
11:40:41	24.7	25.4	5472	-43.0
11:40:43	24.7	25.4	5473	-43.0
11:40:44	24.7	25.4	5472	-42.9
11:40:45	24.7	25.4	5468	-42.9
11:40:47	24.8	25.4	5466	-43.0
11:40:48	24.7	25.4	5465	-42.9
11:40:49	24.7	25.4	5466	-42.9
11:40:50	24.8	25.4	5463	-42.8
11:40:52	24.7	25.4	5463	-42.9
11:40:53	24.8	25.5	5463	-42.9
11:40:54	24.8	25.5	5462	-42.9
11:40:56	24.8	25.5	5461	-43.0
11:40:57	24.8	25.7	5462	-42.9
11:40:58	24.8	25.7	5461	-42.9
11:41:00	24.8	25.6	5461	-42.9
11:41:01	24.8	25.6	5460	-42.9
11:41:02	24.8	25.5	5458	-42.8
11:41:04	24.8	25.5	5457	-43.0
11:41:05	24.8	25.5	5457	-43.0
11:41:06	24.7	25.4	5457	-43.0
11:41:08	24.7	25.4	5456	-43.0
11:41:09	24.7	25.4	5456	-43.0
11:41:10	24.7	25.4	5456	-43.0
11:41:12	24.7	25.4	5455	-43.0
11:41:13	24.7	25.4	5453	-43.0
11:41:14	24.7	25.4	5452	-43.0
11:41:16	24.7	25.4	5449	-42.9
11:41:17	24.7	25.4	5450	-42.8
11:41:18	24.7	25.4	5449	-42.9
11:41:20	24.7	25.4	5447	-43.0
11:41:21	24.7	25.4	5447	-43.0
11:41:22	24.6	25.4	5445	-43.0
11:41:24	24.6	25.4	5446	-42.9
11:41:25	24.6	25.4	5446	-42.9
11:41:26	24.6	25.4	5446	-42.9
11:41:28	24.6	25.4	5445	-43.0
11:41:29	24.6	25.4	5442	-42.9
11:41:30	24.6	25.3	5442	-43.0
11:41:32	24.6	25.3	5441	-43.0
11:41:33	24.5	25.3	5441	-43.0
11:41:34	24.6	25.3	5437	-42.9
11:41:36	24.6	25.3	5437	-43.0
11:41:37	24.6	25.4	5439	-43.0
11:41:38	24.6	25.4	5437	-43.0
11:41:39	24.6	25.4	5437	-43.0
11:41:41	24.7	25.5	5439	-42.9
11:41:42	24.7	25.6	5435	-43.0
11:41:43	24.7	25.6	5435	-43.0
11:41:45	24.7	25.5	5435	-42.9
11:41:46	24.7	25.5	5431	-42.9
11:41:47	24.7	25.4	5432	-43.0
11:41:49	24.7	25.4	5434	-43.0
11:41:50	24.7	25.5	5431	-42.9
11:41:51	24.7	25.4	5434	-42.7
11:41:53	24.7	25.4	5430	-42.8
11:41:54	24.7	25.3	5430	-43.0
11:41:55	24.7	25.3	5432	-42.8
11:41:57	24.7	25.3	5431	-43.0
11:41:58	24.7	25.3	5430	-43.0
11:41:59	24.7	25.3	5429	-42.9
11:42:01	24.7	25.3	5430	-43.0
11:42:02	24.7	25.3	5429	-43.1
11:42:03	24.7	25.3	5426	-43.0
11:42:05	24.7	25.3	5426	-43.0
11:42:06	24.7	25.4	5424	-43.0
11:42:07	24.7	25.3	5425	-43.0
11:42:09	24.7	25.3	5424	-43.0
11:42:10	24.7	25.4	5424	-42.9
11:42:11	24.7	25.4	5421	-42.8
11:42:13	24.7	25.4	5421	-42.8
11:42:14	24.6	25.4	5421	-42.9
11:42:15	24.7	25.4	5421	-42.9
11:42:17	24.6	25.3	5420	-42.9
11:42:18	24.6	25.3	5419	-43.0
11:42:19	24.6	25.3	5419	-43.0
11:42:21	24.6	25.3	5419	-43.0
11:42:22	24.6	25.3	5416	-43.1
11:42:23	24.6	25.3	5419	-43.0
11:42:24	24.6	25.2	5416	-42.9
11:42:26	24.6	25.3	5416	-42.9
11:42:27	24.7	25.3	5416	-43.1
11:42:28	24.6	25.3	5414	-42.8
11:42:30	24.6	25.3	5414	-42.9
11:42:31	24.7	25.4	5415	-42.9
11:42:32	24.7	25.3	5415	-43.0
11:42:34	24.7	25.4	5413	-43.0
11:42:35	24.7	25.4	5411	-43.0
11:42:36	24.7	25.4	5413	-43.0
11:42:38	24.7	25.4	5413	-43.0
11:42:39	24.8	25.4	5410	-43.0
11:42:40	24.8	25.4	5408	-42.9
11:42:42	24.7	25.4	5410	-43.0
11:42:43	24.7	25.4	5405	-43.0
11:42:44	24.7	25.4	5410	-42.9
11:42:46	24.7	25.4	5406	-43.0
11:42:47	24.7	25.3	5408	-42.8
11:42:48	24.7	25.3	5406	-43.0
11:42:50	24.7	25.3	5405	-43.0
11:42:51	24.7	25.4	5406	-43.1
11:42:52	24.7	25.4	5404	-43.0
11:42:54	24.7	25.4	5403	-43.0
11:42:55	24.7	25.4	5403	-43.0
11:42:56	24.7	25.4	5405	-43.0
11:42:58	24.7	25.4	5403	-43.0
11:42:59	24.7	25.4	5401	-42.9
11:43:00	24.7	25.3	5401	-42.9
11:43:02	24.6	25.3	5401	-42.9
11:43:03	24.6	25.2	5400	-42.9
11:43:04	24.6	25.2	5400	-42.8
11:43:06	24.6	25.3	5400	-43.0
11:43:07	24.5	25.2	5398	-42.8
11:43:08	24.6	25.2	5398	-42.9
11:43:09	24.5	25.2	5398	-43.0
11:43:11	24.6	25.2	5399	-43.0
11:43:12	24.5	25.2	5398	-43.0
11:43:13	24.5	25.2	5398	-43.0
11:43:15	24.5	25.2	5399	-43.1
11:43:16	24.6	25.3	5394	-43.0
11:43:17	24.6	25.3	5395	-43.1
11:43:19	24.6	25.3	5394	-43.1
11:43:20	24.6	25.3	5395	-43.0
11:43:21	24.6	25.3	5394	-43.0
11:43:23	24.6	25.3	5394	-43.0
11:43:24	24.6	25.3	5393	-42.9
11:43:25	24.6	25.4	5392	-43.0
11:43:27	24.6	25.3	5393	-43.1
11:43:28	24.6	25.3	5394	-43.2
11:43:29	24.6	25.3	5393	-43.1
11:43:31	24.7	25.4	5392	-43.1
11:43:32	24.6	25.4	5392	-43.1
11:43:33	24.7	25.3	5390	-43.1
11:43:35	24.6	25.3	5390	-43.1
11:43:36	24.7	25.3	5390	-43.1
11:43:37	24.6	25.3	5392	-43.1
11:43:39	24.7	25.3	5388	-43.1
11:43:40	24.7	25.2	5388	-43.1
11:43:41	24.6	25.2	5388	-43.2
11:43:43	24.6	25.2	5387	-43.0
11:43:44	24.7	25.3	5388	-43.1
11:43:45	24.6	25.3	5387	-43.1
11:43:47	24.7	25.2	5385	-43.0
11:43:48	24.6	25.2	5387	-43.2
11:43:49	24.6	25.2	5384	-43.2
11:43:50	24.6	25.2	5387	-43.1
11:43:52	24.6	25.2	5385	-43.0
11:43:53	24.6	25.3	5385	-43.1
11:43:54	24.7	25.3	5385	-43.2
11:43:56	24.6	25.3	5385	-43.2
11:43:57	24.6	25.3	5383	-43.2
11:43:58	24.6	25.2	5382	-43.1
11:44:00	24.6	25.2	5383	-43.0
11:44:01	24.5	25.2	5382	-43.2
11:44:02	24.5	25.2	5383	-43.1
11:44:04	24.6	25.2	5380	-43.1
11:44:05	24.6	25.2	5378	-43.2
11:44:06	24.6	25.2	5382	-43.0
11:44:08	24.6	25.3	5382	-43.1
11:44:09	24.6	25.3	5380	-43.1
11:44:10	24.6	25.3	5380	-43.1
11:44:12	24.6	25.3	5378	-43.2
11:44:13	24.7	25.3	5380	-43.1
11:44:14	24.7	25.3	5377	-43.1
11:44:16	24.7	25.3	5378	-43.2
11:44:17	24.7	25.4	5377	-43.3
11:44:18	24.7	25.5	5378	-43.2
11:44:20	24.7	25.5	5378	-43.2
11:44:21	24.7	25.4	5378	-43.2
11:44:22	24.7	25.4	5377	-43.1
11:44:24	24.7	25.4	5375	-43.0
11:44:25	24.7	25.4	5373	-43.2
11:44:26	24.6	25.3	5374	-43.2
11:44:28	24.7	25.3	5373	-43.2
11:44:29	24.7	25.3	5374	-43.3
11:44:30	24.7	25.3	5371	-43.3
11:44:32	24.7	25.3	5372	-43.2
11:44:33	24.6	25.2	5374	-43.2
11:44:34	24.7	25.2	5373	-43.1
11:44:36	24.7	25.3	5372	-43.2
11:44:37	24.6	25.4	5373	-43.3
11:44:38	24.6	25.3	5369	-43.2
11:44:40	24.6	25.3	5371	-43.2
11:44:41	24.6	25.4	5371	-43.3
11:44:42	24.6	25.3	5371	-43.3
11:44:43	24.6	25.3	5371	-43.3
11:44:45	24.5	25.3	5369	-43.2
11:44:46	24.6	25.3	5371	-43.2
11:44:47	24.6	25.3	5369	-43.2
11:44:49	24.7	25.3	5367	-43.3
11:44:50	24.7	25.3	5367	-43.3
11:44:51	24.7	25.3	5363	-43.2
11:44:53	24.7	25.3	5367	-43.4
11:44:54	24.7	25.3	5366	-43.4
11:44:55	24.7	25.4	5366	-43.3
11:44:57	24.7	25.3	5368	-43.3
11:44:58	24.8	25.4	5367	-43.3
11:44:59	24.7	25.3	5364	-43.4
11:45:01	24.7	25.3	5364	-43.4
11:45:02	24.7	25.3	5363	-43.4
11:45:03	24.6	25.3	5363	-43.4
11:45:05	24.7	25.3	5364	-43.3
11:45:06	24.7	25.3	5364	-43.3
11:45:07	24.7	25.3	5362	-43.2
11:45:09	24.7	25.3	5362	-43.2
11:45:10	24.7	25.3	5361	-43.2
11:45:11	24.6	25.3	5362	-43.2
11:45:13	24.7	25.3	5364	-43.3
11:45:14	24.7	25.3	5362	-43.2
11:45:15	24.7	25.3	5363	-43.1
11:45:17	24.7	25.3	5364	-43.3
11:45:18	24.7	25.3	5359	-43.3
11:45:19	24.7	25.3	5359	-43.2
11:45:21	24.7	25.3	5361	-43.2
11:45:22	24.7	25.3	5361	-43.1
11:45:23	24.7	25.3	5361	-43.3
11:45:25	24.7	25.3	5358	-43.2
11:45:26	24.7	25.3	5361	-43.3
11:45:27	24.7	25.3	5361	-43.3
11:45:28	24.6	25.3	5358	-43.4
11:45:30	24.7	25.4	5358	-43.4
11:45:31	24.7	25.4	5357	-43.3
11:45:32	24.7	25.4	5358	-43.3
11:45:34	24.7	25.4	5359	-43.3
11:45:35	24.7	25.4	5357	-43.4
11:45:36	24.7	25.4	5357	-43.4
11:45:38	24.7	25.3	5358	-43.4
11:45:39	24.7	25.3	5358	-43.3
11:45:40	24.7	25.3	5358	-43.4
11:45:42	24.7	25.3	5357	-43.4
11:45:43	24.7	25.3	5358	-43.4
11:45:44	24.7	25.3	5357	-43.3
11:45:46	24.6	25.2	5358	-43.4
11:45:47	24.5	25.2	5356	-43.3
11:45:48	24.6	25.2	5356	-43.3
11:45:50	24.6	25.2	5356	-43.2
11:45:51	24.6	25.2	5358	-43.3
11:45:52	24.6	25.2	5357	-43.4
11:45:54	24.6	25.2	5357	-43.3
11:45:55	24.6	25.2	5356	-43.3
11:45:56	24.6	25.2	5358	-43.2
11:45:58	24.6	25.2	5357	-43.2
11:45:59	24.6	25.2	5357	-43.3
11:46:00	24.6	25.2	5352	-43.3
11:46:02	24.6	25.3	5352	-43.2
11:46:03	24.6	25.2	5354	-43.3
11:46:04	24.6	25.2	5354	-43.2
11:46:06	24.6	25.3	5353	-43.2
11:46:07	24.6	25.3	5352	-43.2
11:46:08	24.6	25.2	5353	-43.1
11:46:10	24.6	25.2	5353	-43.0
11:46:11	24.6	25.2	5353	-43.3
11:46:12	24.6	25.2	5354	-43.3
11:46:14	24.6	25.2	5353	-43.3
11:46:15	24.6	25.2	5353	-43.2
11:46:16	24.6	25.2	5353	-43.3
11:46:18	24.5	25.2	5351	-43.4
11:46:19	24.6	25.2	5350	-43.4
11:46:20	24.6	25.2	5352	-43.3
11:46:21	24.6	25.2	5351	-43.4
11:46:23	24.6	25.2	5352	-43.3
11:46:24	24.6	25.2	5350	-43.4
11:46:25	24.6	25.3	5350	-43.3
11:46:27	24.6	25.3	5351	-43.3
11:46:28	24.6	25.3	5348	-43.4
11:46:29	24.6	25.3	5350	-43.3
11:46:31	24.6	25.3	5350	-43.2
11:46:32	24.6	25.2	5347	-43.3
11:46:33	24.6	25.2	5348	-43.4
11:46:35	24.5	25.2	5348	-43.4
11:46:36	24.5	25.2	5348	-43.3
11:46:37	24.5	25.3	5348	-43.2
11:46:39	24.5	25.3	5347	-43.4
11:46:40	24.5	25.3	5347	-43.3
11:46:41	24.5	25.3	5347	-43.3
11:46:43	24.6	25.3	5347	-43.4
11:46:44	24.6	25.3	5348	-43.3
11:46:45	24.6	25.3	5346	-43.2
11:46:47	24.6	25.3	5346	-43.3
11:46:48	24.6	25.3	5348	-43.3
11:46:49	24.6	25.3	5346	-43.4
11:46:51	24.6	25.3	5346	-43.4
11:46:52	24.7	25.3	5346	-43.4
11:46:53	24.6	25.3	5347	-43.3
11:46:55	24.6	25.3	5345	-43.3
11:46:56	24.6	25.3	5346	-43.4
11:46:57	24.7	25.3	5347	-43.3
11:46:59	24.7	25.3	5346	-43.3
11:47:00	24.6	25.3	5346	-43.4
11:47:01	24.6	25.3	5347	-43.4
11:47:03	24.6	25.3	5345	-43.3
11:47:04	24.6	25.3	5345	-43.2
11:47:05	24.7	25.3	5346	-43.2
11:47:07	24.7	25.3	5346	-43.3
11:47:08	24.7	25.3	5346	-43.2
11:47:09	24.7	25.3	5345	-43.3
11:47:10	24.7	25.3	5345	-43.3
11:47:12	24.6	25.3	5343	-43.4
11:47:13	24.7	25.3	5343	-43.3
11:47:14	24.7	25.3	5346	-43.3
11:47:16	24.7	25.3	5345	-43.4
11:47:17	24.6	25.3	5346	-43.3
11:47:18	24.7	25.3	5343	-43.3
11:47:20	24.7	25.3	5345	-43.3
11:47:21	24.7	25.4	5345	-43.4
11:47:22	24.7	25.4	5343	-43.4
11:47:24	24.7	25.4	5343	-43.3
11:47:25	24.7	25.4	5343	-43.3
11:47:26	24.7	25.4	5343	-43.4
11:47:28	24.7	25.4	5343	-43.4
11:47:29	24.7	25.3	5342	-43.3
11:47:30	24.7	25.3	5345	-43.3
11:47:32	24.7	25.3	5342	-43.4
11:47:33	24.6	25.3	5345	-43.4
11:47:34	24.6	25.3	5342	-43.3
11:47:36	24.6	25.3	5345	-43.3
11:47:37	24.6	25.3	5345	-43.3
11:47:38	24.6	25.3	5340	-43.4
11:47:40	24.6	25.2	5342	-43.4
11:47:41	24.6	25.2	5341	-43.4
11:47:42	24.6	25.2	5342	-43.4
11:47:44	24.6	25.2	5342	-43.3
11:47:45	24.6	25.2	5341	-43.4
11:47:46	24.6	25.2	5341	-43.5
11:47:48	24.6	25.2	5340	-43.4
11:47:49	24.6	25.2	5343	-43.4
11:47:50	24.6	25.2	5342	-43.3
11:47:52	24.6	25.2	5343	-43.3
11:47:53	24.6	25.2	5343	-43.4
11:47:54	24.6	25.2	5340	-43.4
11:47:55	24.6	25.2	5341	-43.4
11:47:57	24.6	25.2	5343	-43.4
11:47:58	24.6	25.2	5342	-43.5
11:47:59	24.6	25.2	5343	-43.3
11:48:01	24.6	25.2	5345	-43.4
11:48:02	24.6	25.2	5343	-43.5
11:48:03	24.6	25.3	5342	-43.4
11:48:05	24.7	25.2	5343	-43.3
11:48:06	24.6	25.2	5340	-43.4
11:48:07	24.6	25.2	5341	-43.4
11:48:09	24.6	25.2	5341	-43.3
11:48:10	24.5	25.2	5340	-43.3
11:48:11	24.5	25.1	5341	-43.4
11:48:13	24.5	25.1	5340	-43.4
11:48:14	24.5	25.1	5341	-43.5
11:48:15	24.5	25.1	5340	-43.3
11:48:17	24.5	25.1	5342	-43.3
11:48:18	24.5	25.1	5340	-43.4
11:48:19	24.5	25.1	5342	-43.3
11:48:21	24.5	25.2	5340	-43.3
11:48:22	24.5	25.1	5342	-43.2
11:48:23	24.5	25.0	5341	-43.4
11:48:25	24.5	25.1	5337	-43.4
11:48:26	24.5	25.1	5341	-43.3
11:48:27	24.5	25.1	5343	-43.4
11:48:29	24.5	25.1	5343	-43.4
11:48:30	24.5	25.2	5342	-43.4
11:48:31	24.6	25.2	5345	-43.4
11:48:33	24.6	25.2	5341	-43.4
11:48:34	24.6	25.2	5343	-43.3
11:48:35	24.6	25.2	5341	-43.3
11:48:37	24.6	25.2	5341	-43.2
11:48:38	24.6	25.2	5340	-43.1
11:48:39	24.6	25.2	5341	-43.3
11:48:41	24.6	25.1	5340	-43.3
11:48:42	24.6	25.2	5338	-43.4
11:48:43	24.6	25.3	5340	-43.4
11:48:45	24.5	25.3	5341	-43.3
11:48:46	24.5	25.3	5340	-43.4
11:48:47	24.5	25.3	5340	-43.4
11:48:49	24.5	25.3	5338	-43.3
11:48:50	24.5	25.2	5338	-43.3
11:48:51	24.5	25.2	5338	-43.2
11:48:52	24.5	25.2	5341	-43.3
11:48:54	24.5	25.1	5340	-43.2
11:48:55	24.5	25.1	5337	-43.3
11:48:56	24.5	25.1	5336	-43.3
11:48:58	24.5	25.2	5341	-43.2
11:48:59	24.6	25.2	5340	-43.3
11:49:00	24.5	25.2	5335	-43.3
11:49:02	24.6	25.2	5337	-43.3
11:49:03	24.5	25.2	5338	-43.3
11:49:04	24.5	25.2	5340	-43.3
11:49:06	24.5	25.2	5340	-43.3
11:49:07	24.5	25.2	5340	-43.3
11:49:08	24.5	25.2	5340	-43.3
11:49:10	24.5	25.2	5341	-43.4
11:49:11	24.5	25.2	5338	-43.3
11:49:12	24.5	25.2	5340	-43.2
11:49:14	24.5	25.2	5338	-43.3
11:49:15	24.5	25.2	5338	-43.3
11:49:16	24.5	25.1	5340	-43.2
11:49:18	24.5	25.2	5338	-43.2
11:49:19	24.5	25.2	5338	-43.2
11:49:20	24.5	25.2	5336	-43.3
11:49:22	24.5	25.2	5337	-43.2
11:49:23	24.5	25.3	5338	-43.2
11:49:24	24.5	25.3	5338	-43.4
11:49:26	24.5	25.3	5338	-43.3
11:49:27	24.5	25.1	5342	-43.3
11:49:28	24.5	25.1	5338	-43.2
11:49:30	24.4	25.1	5340	-43.3
11:49:31	24.5	25.1	5341	-43.3
11:49:32	24.5	25.1	5343	-43.3
11:49:34	24.4	25.1	5341	-43.3
11:49:35	24.4	25.1	5338	-43.2
11:49:36	24.4	25.2	5338	-43.3
11:49:38	24.4	25.2	5340	-43.2
11:49:39	24.4	25.2	5340	-43.1
11:49:40	24.4	25.1	5340	-43.3
11:49:41	24.4	25.1	5338	-43.2
11:49:43	24.4	25.1	5338	-43.2
11:49:44	24.4	25.1	5338	-43.2
11:49:45	24.4	25.2	5338	-43.2
11:49:47	24.5	25.2	5338	-43.2
11:49:48	24.5	25.3	5337	-43.2
11:49:49	24.5	25.3	5340	-43.1
11:49:51	24.5	25.3	5337	-43.1
11:49:52	24.4	25.2	5340	-43.3
11:49:53	24.4	25.2	5337	-43.2
11:49:55	24.4	25.2	5337	-43.3
11:49:56	24.4	25.2	5337	-43.3
11:49:57	24.5	25.3	5337	-43.2
11:49:59	24.5	25.2	5338	-43.3
11:50:00	24.4	25.1	5340	-43.2
11:50:01	24.4	25.1	5337	-43.3
11:50:03	24.4	25.1	5338	-43.3
11:50:04	24.4	25.0	5335	-43.3
11:50:05	24.4	25.1	5338	-43.3
11:50:07	24.4	25.1	5338	-43.3
11:50:08	24.4	25.1	5338	-43.3
11:50:09	24.4	25.1	5337	-43.4
11:50:11	24.4	25.1	5340	-43.3
11:50:12	24.4	25.1	5336	-43.2
11:50:13	24.4	25.2	5336	-43.3
11:50:15	24.4	25.1	5338	-43.3
11:50:16	24.4	25.2	5337	-43.4
11:50:17	24.4	25.2	5338	-43.3
11:50:19	24.4	25.3	5340	-43.4
11:50:20	24.4	25.3	5338	-43.4
11:50:21	24.4	25.2	5342	-43.3
11:50:22	24.4	25.1	5342	-43.3
11:50:24	24.3	25.1	5338	-43.4
11:50:25	24.3	25.1	5337	-43.3
11:50:26	24.3	25.1	5340	-43.4
11:50:28	24.3	25.1	5340	-43.3
11:50:29	24.3	25.1	5340	-43.4
11:50:30	24.4	25.1	5338	-43.4
11:50:32	24.4	25.2	5342	-43.4
11:50:33	24.5	25.2	5341	-43.4
11:50:34	24.5	25.2	5341	-43.2
11:50:36	24.5	25.3	5341	-43.2
11:50:37	24.5	25.4	5341	-43.3
11:50:38	24.5	25.4	5338	-43.3
11:50:40	24.5	25.4	5338	-43.2
11:50:41	24.5	25.3	5341	-43.3
11:50:42	24.5	25.3	5341	-43.4
11:50:44	24.5	25.2	5343	-43.3
11:50:45	24.5	25.2	5340	-43.3
11:50:46	24.5	25.2	5341	-43.3
11:50:48	24.4	25.2	5341	-43.3
11:50:49	24.4	25.2	5341	-43.2
11:50:50	24.4	25.2	5341	-43.3
11:50:52	24.4	25.1	5340	-43.3
11:50:53	24.4	25.1	5341	-43.2
11:50:54	24.4	25.1	5341	-43.3
11:50:56	24.4	25.1	5343	-43.4
11:50:57	24.4	25.1	5343	-43.4
11:50:58	24.4	25.1	5341	-43.4
11:51:00	24.4	25.1	5341	-43.3
11:51:01	24.4	25.2	5337	-43.3
11:51:02	24.4	25.1	5340	-43.4
11:51:04	24.4	25.2	5341	-43.4
11:51:05	24.4	25.2	5342	-43.4
11:51:06	24.4	25.2	5343	-43.4
11:51:08	24.5	25.2	5343	-43.3
11:51:09	24.5	25.2	5341	-43.3
11:51:10	24.5	25.3	5342	-43.3
11:51:12	24.5	25.3	5343	-43.3
11:51:13	24.5	25.3	5343	-43.4
11:51:14	24.5	25.3	5343	-43.4
11:51:15	24.5	25.3	5343	-43.4
11:51:17	24.6	25.3	5343	-43.3
11:51:18	24.6	25.3	5343	-43.2
11:51:19	24.6	25.3	5345	-43.3
11:51:21	24.6	25.3	5343	-43.3
11:51:22	24.5	25.2	5343	-43.3
11:51:23	24.5	25.1	5345	-43.3
11:51:25	24.5	25.1	5342	-43.3
11:51:26	24.4	25.1	5345	-43.3
11:51:27	24.4	25.1	5342	-43.3
11:51:29	24.4	25.1	5343	-43.3
11:51:30	24.4	25.1	5345	-43.3
11:51:31	24.5	25.1	5345	-43.3
11:51:33	24.5	25.1	5346	-43.3
11:51:34	24.4	25.1	5347	-43.3
11:51:35	24.5	25.1	5345	-43.3
11:51:37	24.5	25.2	5345	-43.3
11:51:38	24.5	25.1	5347	-43.3
11:51:39	24.5	25.2	5346	-43.3
11:51:41	24.5	25.3	5348	-43.3
11:51:42	24.6	25.3	5347	-43.3
11:51:43	24.6	25.4	5347	-43.3
11:51:45	24.5	25.3	5345	-43.3
11:51:46	24.5	25.3	5346	-43.4
11:51:47	24.5	25.4	5347	-43.3
11:51:49	24.5	25.3	5345	-43.3
11:51:50	24.5	25.2	5347	-43.2
11:51:51	24.5	25.2	5343	-43.3
11:51:52	24.4	25.1	5346	-43.3
11:51:54	24.4	25.0	5345	-43.3
11:51:55	24.4	25.0	5345	-43.2
11:51:56	24.4	25.0	5347	-43.3
11:51:58	24.4	25.1	5346	-43.3
11:51:59	24.5	25.1	5347	-43.2
11:52:00	24.4	25.1	5347	-43.2
11:52:02	24.4	25.1	5348	-43.1
11:52:03	24.4	25.1	5348	-43.2
11:52:04	24.4	25.1	5347	-43.2
11:52:06	24.4	25.1	5347	-43.2
11:52:07	24.3	25.1	5346	-43.2
11:52:08	24.3	25.1	5348	-43.3
11:52:10	24.3	25.2	5347	-43.2
11:52:11	24.3	25.2	5347	-43.2
11:52:12	24.3	25.3	5348	-43.2
11:52:14	24.4	25.3	5348	-43.3
11:52:15	24.4	25.3	5351	-43.3
11:52:16	24.4	25.3	5347	-43.2
11:52:18	24.4	25.2	5348	-43.0
11:52:19	24.3	25.1	5347	-43.2
11:52:20	24.5	25.2	5347	-43.2
11:52:22	24.5	25.2	5348	-43.3
11:52:23	24.5	25.2	5347	-43.3
11:52:24	24.4	25.2	5348	-43.3
11:52:26	24.4	25.2	5347	-43.2
11:52:27	24.5	25.2	5348	-43.2
11:52:28	24.5	25.2	5350	-43.2
11:52:30	24.5	25.2	5351	-43.2
11:52:31	24.5	25.2	5350	-43.2
11:52:32	24.5	25.3	5350	-43.3
11:52:34	24.5	25.2	5350	-43.3
11:52:35	24.6	25.3	5348	-43.3
11:52:36	24.6	25.4	5348	-43.3
11:52:38	24.6	25.4	5348	-43.3
11:52:39	24.6	25.4	5348	-43.2
11:52:40	24.6	25.3	5348	-43.3
11:52:41	24.5	25.3	5348	-43.3
11:52:43	24.5	25.3	5348	-43.3
11:52:44	24.5	25.3	5348	-43.3
11:52:45	24.5	25.2	5350	-43.3
11:52:47	24.5	25.2	5348	-43.3
11:52:48	24.5	25.2	5350	-43.3
11:52:49	24.4	25.2	5348	-43.3
11:52:51	24.5	25.3	5350	-43.3
11:52:52	24.5	25.3	5347	-43.3
11:52:53	24.5	25.4	5350	-43.3
11:52:55	24.5	25.4	5350	-43.3
11:52:56	24.3	25.3	5347	-43.3
11:52:57	24.4	25.3	5350	-43.3
11:52:59	24.3	25.2	5348	-43.3
11:53:00	24.3	25.2	5348	-43.3
11:53:01	24.4	25.2	5348	-43.3
11:53:03	24.4	25.2	5348	-43.1
11:53:04	24.4	25.2	5350	-43.0
11:53:05	24.5	25.2	5351	-43.0
11:53:07	24.4	25.2	5347	-43.1
11:53:08	24.4	25.2	5348	-43.1
11:53:09	24.4	25.2	5351	-43.0
11:53:11	24.4	25.2	5352	-43.2
11:53:12	24.5	25.2	5351	-43.2
11:53:13	24.4	25.2	5351	-43.3
11:53:15	24.4	25.2	5350	-43.2
11:53:16	24.3	25.1	5351	-43.3
11:53:17	24.3	25.1	5352	-43.3
11:53:19	24.4	25.2	5352	-43.3
11:53:20	24.4	25.1	5352	-43.3
11:53:21	24.4	25.1	5352	-43.2
11:53:23	24.4	25.1	5351	-43.2
11:53:24	24.4	25.1	5352	-43.2
11:53:25	24.4	25.1	5350	-43.3
11:53:27	24.4	25.1	5351	-43.3
11:53:28	24.4	25.1	5352	-43.2
11:53:29	24.4	25.1	5351	-43.3
11:53:31	24.5	25.2	5351	-43.2
11:53:32	24.5	25.2	5351	-43.2
11:53:33	24.4	25.3	5352	-43.3
11:53:34	24.4	25.4	5351	-43.3
11:53:36	24.4	25.3	5353	-43.2
11:53:37	24.5	25.3	5353	-43.2
11:53:38	24.5	25.4	5352	-43.2
11:53:40	24.5	25.4	5353	-43.3
11:53:41	24.5	25.4	5351	-43.3
11:53:42	24.5	25.4	5352	-43.2
11:53:44	24.5	25.4	5351	-43.2
11:53:45	24.5	25.4	5352	-43.2
11:53:46	24.5	25.4	5351	-43.3
11:53:48	24.5	25.3	5352	-43.3
11:53:49	24.5	25.3	5351	-43.3
11:53:50	24.5	25.3	5351	-43.2
11:53:52	24.5	25.3	5350	-43.2
11:53:53	24.4	25.3	5351	-43.2
11:53:54	24.4	25.3	5352	-43.2
11:53:56	24.5	25.4	5351	-43.2
11:53:57	24.5	25.4	5351	-43.2
11:53:58	24.5	25.3	5351	-43.1
11:54:00	24.5	25.3	5351	-43.2
11:54:01	24.5	25.3	5351	-43.3
11:54:02	24.5	25.3	5352	-43.3
11:54:04	24.5	25.4	5352	-43.3
11:54:05	24.5	25.3	5351	-43.2
11:54:06	24.5	25.3	5352	-43.1
11:54:08	24.5	25.2	5350	-43.2
11:54:09	24.4	25.2	5352	-43.1
11:54:10	24.5	25.2	5350	-43.2
11:54:12	24.5	25.2	5352	-43.2
11:54:13	24.5	25.2	5351	-43.2
11:54:14	24.5	25.2	5350	-43.1
11:54:16	24.5	25.3	5350	-43.1
11:54:17	24.5	25.3	5350	-43.2
11:54:18	24.5	25.3	5350	-43.2
11:54:20	24.5	25.3	5350	-43.1
11:54:21	24.5	25.3	5351	-43.1
11:54:22	24.5	25.3	5350	-43.2
11:54:23	24.5	25.3	5350	-43.2
11:54:25	24.5	25.2	5350	-43.2
11:54:26	24.5	25.2	5351	-43.2
11:54:27	24.5	25.3	5350	-43.2
11:54:29	24.5	25.3	5350	-43.2
11:54:30	24.5	25.3	5350	-43.2
11:54:31	24.5	25.2	5352	-43.2
11:54:33	24.5	25.2	5352	-43.1
11:54:34	24.5	25.3	5352	-43.3
11:54:35	24.5	25.3	5353	-43.2
11:54:37	24.5	25.3	5350	-43.1
11:54:38	24.5	25.3	5350	-43.0
11:54:39	24.5	25.3	5348	-43.1
11:54:41	24.6	25.3	5348	-43.2
11:54:42	24.6	25.4	5348	-43.2
11:54:43	24.5	25.4	5348	-43.2
11:54:45	24.5	25.4	5347	-43.3
11:54:46	24.6	25.4	5347	-43.2
11:54:47	24.5	25.4	5348	-43.2
11:54:49	24.5	25.3	5350	-43.2
11:54:50	24.5	25.3	5348	-43.2
11:54:51	24.5	25.4	5348	-43.2
11:54:53	24.5	25.4	5347	-43.2
11:54:54	24.5	25.5	5348	-43.2
11:54:55	24.5	25.5	5348	-43.2
11:54:57	24.5	25.6	5348	-43.2
11:54:58	24.5	25.5	5348	-43.2
11:54:59	24.5	25.5	5350	-43.2
11:55:01	24.6	25.5	5347	-43.1
11:55:02	24.5	25.5	5348	-43.2
11:55:03	24.5	25.4	5348	-43.2
11:55:05	24.6	25.4	5347	-43.1
11:55:06	24.6	25.4	5347	-43.1
11:55:07	24.5	25.4	5347	-43.2
11:55:09	24.5	25.4	5345	-43.1
11:55:10	24.6	25.4	5346	-43.1
11:55:11	24.5	25.5	5347	-43.1
11:55:13	24.5	25.5	5345	-43.2
11:55:14	24.5	25.4	5343	-43.2
11:55:15	24.5	25.4	5346	-43.1
11:55:17	24.5	25.4	5345	-43.1
11:55:18	24.5	25.4	5345	-43.1
11:55:19	24.5	25.4	5346	-43.1
11:55:20	24.6	25.5	5346	-43.1
11:55:22	24.6	25.5	5348	-43.1
11:55:23	24.6	25.5	5345	-43.1
11:55:24	24.5	25.4	5346	-43.2
11:55:26	24.5	25.4	5346	-43.1
11:55:27	24.5	25.4	5348	-43.1
11:55:28	24.5	25.4	5346	-43.1
11:55:30	24.6	25.5	5345	-43.0
11:55:31	24.6	25.4	5345	-43.1
11:55:32	24.6	25.5	5346	-43.0
11:55:34	24.6	25.5	5346	-43.0
11:55:35	24.6	25.5	5346	-43.1
11:55:36	24.6	25.5	5345	-43.1
11:55:38	24.6	25.4	5343	-43.0
11:55:39	24.6	25.5	5343	-43.1
11:55:40	24.6	25.4	5342	-43.1
11:55:42	24.6	25.5	5343	-43.1
11:55:43	24.6	25.6	5343	-43.2
11:55:44	24.6	25.7	5340	-43.1
11:55:46	24.6	25.7	5342	-43.1
11:55:47	24.7	25.8	5341	-43.2
11:55:48	24.7	25.8	5340	-43.2
11:55:50	24.7	25.8	5338	-43.2
11:55:51	24.7	25.8	5340	-43.1
11:55:52	24.7	25.7	5340	-43.2
11:55:54	24.7	25.6	5340	-43.1
11:55:55	24.7	25.6	5340	-43.1
11:55:56	24.6	25.5	5341	-43.2
11:55:58	24.6	25.4	5340	-43.0
11:55:59	24.6	25.5	5338	-43.1
11:56:00	24.6	25.6	5341	-43.1
11:56:02	24.7	25.6	5338	-43.2
11:56:03	24.7	25.6	5341	-43.1
11:56:04	24.7	25.7	5340	-43.1
11:56:06	24.7	25.7	5340	-43.0
11:56:07	24.7	25.7	5338	-43.1
11:56:08	24.6	25.8	5337	-43.2
11:56:09	24.6	25.7	5338	-43.2
11:56:11	24.6	25.7	5342	-43.2
11:56:12	24.6	25.7	5338	-43.2
11:56:13	24.7	25.7	5337	-43.2
11:56:15	24.6	25.8	5338	-43.2
11:56:16	24.7	25.8	5338	-43.2
11:56:17	24.7	25.9	5335	-43.2
11:56:19	24.6	25.8	5333	-43.2
11:56:20	24.6	25.8	5335	-43.2
11:56:21	24.6	25.8	5333	-43.2
11:56:23	24.7	25.8	5332	-43.2
11:56:24	24.6	25.8	5333	-43.2
11:56:25	24.7	25.8	5333	-43.2
11:56:27	24.7	25.7	5336	-43.2
11:56:28	24.7	25.7	5330	-43.2
11:56:29	24.7	25.6	5332	-43.2
11:56:31	24.7	25.6	5331	-43.2
11:56:32	24.6	25.6	5330	-43.1
11:56:33	24.6	25.7	5331	-43.1
11:56:35	24.6	25.7	5327	-43.3
11:56:36	24.6	25.6	5327	-43.2
11:56:37	24.6	25.7	5328	-43.2
11:56:39	24.6	25.6	5328	-43.2
11:56:40	24.6	25.7	5328	-43.1
11:56:41	24.7	25.8	5324	-43.1
11:56:43	24.7	25.7	5322	-43.3
11:56:44	24.7	25.8	5324	-43.2
11:56:45	24.8	25.9	5325	-43.2
11:56:47	24.8	25.9	5325	-43.2
11:56:48	24.8	25.9	5322	-43.3
11:56:49	24.9	25.8	5324	-43.3
11:56:51	24.9	25.7	5322	-43.2
11:56:52	24.8	25.6	5324	-43.2
11:56:53	24.8	25.7	5321	-43.2
11:56:54	24.8	25.7	5321	-43.2
11:56:56	24.8	25.8	5321	-43.1
11:56:57	24.7	25.7	5321	-43.2
11:56:58	24.8	25.8	5321	-43.1
11:57:00	24.8	25.9	5320	-43.1
11:57:01	24.8	25.9	5319	-43.2
11:57:02	24.7	25.8	5320	-43.2
11:57:04	24.7	25.8	5319	-43.2
11:57:05	24.7	25.9	5317	-43.1
11:57:06	24.7	26.0	5317	-43.1
11:57:08	24.7	26.1	5317	-43.2
11:57:09	24.7	25.9	5317	-43.1
11:57:10	24.7	25.9	5317	-43.1
11:57:12	24.8	26.0	5317	-43.3
11:57:13	24.8	26.1	5316	-43.3
11:57:14	24.8	26.0	5315	-43.2
11:57:16	24.8	26.0	5315	-43.3
11:57:17	24.8	26.0	5317	-43.2
11:57:18	24.7	25.8	5316	-43.2
11:57:20	24.7	25.7	5315	-43.1
11:57:21	24.7	25.7	5315	-43.1
11:57:22	24.7	25.7	5316	-43.3
11:57:24	24.8	25.7	5314	-43.2
11:57:25	24.7	25.6	5311	-43.2
11:57:26	24.8	25.6	5314	-43.3
11:57:28	24.7	25.6	5314	-43.2
11:57:29	24.7	25.5	5312	-43.3
11:57:30	24.7	25.5	5312	-43.3
11:57:32	24.7	25.5	5312	-43.2
11:57:33	24.7	25.6	5312	-43.2
11:57:34	24.8	25.7	5311	-43.2
11:57:36	24.8	25.9	5309	-43.2
11:57:37	24.7	25.9	5311	-43.2
11:57:38	24.7	25.9	5312	-43.2
11:57:39	24.7	26.0	5312	-43.2
11:57:41	24.7	26.1	5312	-43.2
11:57:42	24.7	26.1	5310	-43.3
11:57:43	24.8	26.2	5309	-43.3
11:57:45	24.7	26.2	5310	-43.2
11:57:46	24.7	26.1	5309	-43.2
11:57:47	24.7	25.9	5307	-43.3
11:57:49	24.7	25.9	5310	-43.3
11:57:50	24.8	25.8	5309	-43.3
11:57:51	24.7	25.8	5307	-43.3
11:57:53	24.6	25.8	5307	-43.3
11:57:54	24.6	25.7	5309	-43.3
11:57:55	24.6	25.7	5310	-43.3
11:57:57	24.5	25.9	5307	-43.3
11:57:58	24.4	25.9	5305	-43.3
11:57:59	24.3	26.0	5306	-43.3
11:58:01	24.2	26.1	5306	-43.3
11:58:02	24.2	26.2	5307	-43.4
11:58:03	24.2	26.2	5307	-43.4
11:58:05	24.3	26.2	5306	-43.3
11:58:06	24.4	26.2	5305	-43.3
11:58:07	24.3	26.0	5302	-43.3
11:58:09	24.4	26.0	5305	-43.4
11:58:10	24.5	25.8	5306	-43.3
11:58:11	24.5	25.7	5305	-43.3
11:58:13	24.5	25.7	5302	-43.3
11:58:14	24.5	25.6	5305	-43.4
11:58:15	24.5	25.6	5304	-43.4
11:58:17	24.5	25.6	5302	-43.4
11:58:18	24.6	25.6	5305	-43.3
11:58:19	24.6	25.6	5304	-43.2
11:58:21	24.6	25.6	5301	-43.3
11:58:22	24.6	25.5	5302	-43.4
11:58:23	24.6	25.5	5302	-43.4
11:58:24	24.5	25.5	5304	-43.4
11:58:26	24.4	25.5	5301	-43.3
11:58:27	24.4	25.6	5302	-43.4
11:58:28	24.4	25.8	5302	-43.3
11:58:30	24.5	26.0	5302	-43.4
11:58:31	24.5	26.0	5302	-43.4
11:58:32	24.6	26.0	5300	-43.4
11:58:34	24.5	26.0	5300	-43.4
11:58:35	24.6	26.2	5300	-43.4
11:58:36	24.5	26.4	5300	-43.4
11:58:38	24.3	26.4	5300	-43.3
11:58:39	24.5	26.5	5300	-43.3
11:58:40	24.5	26.5	5300	-43.2
11:58:42	24.4	26.7	5298	-43.2
11:58:43	24.4	26.9	5298	-43.3
11:58:44	24.5	26.9	5298	-43.4
11:58:46	24.3	26.8	5298	-43.4
11:58:47	24.3	26.8	5299	-43.3
11:58:48	24.2	26.7	5295	-43.4
11:58:50	24.1	26.6	5296	-43.3
11:58:51	24.3	26.7	5294	-43.3
11:58:52	24.4	26.5	5296	-43.4
11:58:54	24.6	26.5	5296	-43.3
11:58:55	24.7	26.5	5298	-43.3
11:58:56	24.7	26.6	5296	-43.3
11:58:58	24.6	26.3	5296	-43.4
11:58:59	24.7	26.3	5294	-43.3
11:59:00	24.7	26.3	5294	-43.4
11:59:02	24.7	26.3	5294	-43.4
11:59:03	24.7	26.2	5293	-43.5
11:59:04	24.7	26.3	5295	-43.5
11:59:06	24.8	26.4	5293	-43.4
11:59:07	24.8	26.4	5293	-43.4
11:59:08	24.8	26.5	5293	-43.4
11:59:10	24.8	26.6	5293	-43.4
11:59:11	24.8	26.6	5291	-43.4
11:59:12	24.6	26.8	5294	-43.5
11:59:13	24.4	26.8	5293	-43.5
11:59:15	24.3	26.7	5293	-43.4
11:59:16	24.4	26.8	5293	-43.3
11:59:17	24.2	26.7	5291	-43.4
11:59:19	24.2	26.8	5290	-43.5
11:59:20	24.1	27.0	5290	-43.5
11:59:21	24.2	27.0	5290	-43.5
11:59:23	24.3	27.0	5290	-43.4
11:59:24	24.4	26.9	5290	-43.4
11:59:25	24.4	26.8	5289	-43.3
11:59:27	24.4	26.8	5291	-43.5
11:59:28	24.5	26.7	5290	-43.5
11:59:29	24.5	26.8	5290	-43.3
11:59:31	24.5	26.7	5289	-43.4
11:59:32	24.6	26.6	5286	-43.5
11:59:33	24.6	26.8	5288	-43.5
11:59:35	24.6	26.7	5288	-43.4
11:59:36	24.6	26.7	5288	-43.5
11:59:37	24.6	26.7	5286	-43.6
11:59:39	24.6	26.7	5284	-43.6
11:59:40	24.5	26.6	5288	-43.4
11:59:41	24.4	26.5	5286	-43.5
11:59:43	24.1	26.5	5285	-43.5
11:59:44	24.3	26.4	5285	-43.4
11:59:45	24.2	26.5	5285	-43.5
11:59:47	24.3	26.4	5285	-43.5
11:59:48	24.4	26.4	5285	-43.6
11:59:49	24.5	26.5	5285	-43.6
11:59:51	24.5	26.6	5284	-43.5
11:59:52	24.6	26.5	5286	-43.6
11:59:53	24.6	26.5	5284	-43.6
11:59:55	24.6	26.5	5281	-43.6
11:59:56	24.6	26.5	5281	-43.7
11:59:57	24.7	26.4	5281	-43.7
11:59:59	24.7	26.4	5283	-43.6
12:00:00	24.7	26.3	5283	-43.6
12:00:01	24.7	26.7	5281	-43.5
12:00:02	24.6	26.7	5280	-43.5
12:00:04	24.5	26.5	5280	-43.6
12:00:05	24.4	26.4	5279	-43.6
12:00:06	24.1	26.3	5280	-43.6
12:00:08	24.0	26.4	5279	-43.6
12:00:09	24.0	26.3	5281	-43.6
12:00:10	24.0	26.2	5280	-43.5
12:00:12	24.0	26.1	5276	-43.6
12:00:13	24.0	25.9	5278	-43.7
12:00:14	24.1	25.8	5276	-43.7
12:00:16	24.2	26.0	5278	-43.7
12:00:17	24.3	25.9	5278	-43.7
12:00:18	24.4	25.9	5278	-43.7
12:00:20	24.6	25.9	5278	-43.6
12:00:21	24.6	26.0	5278	-43.5
12:00:22	24.6	26.1	5278	-43.7
12:00:24	24.3	26.1	5275	-43.6
12:00:25	24.3	26.1	5274	-43.6
12:00:26	24.1	26.1	5276	-43.7
12:00:28	24.2	26.1	5275	-43.7
12:00:29	24.3	26.1	5275	-43.6
12:00:30	24.3	26.0	5273	-43.7
12:00:32	24.4	26.0	5274	-43.7
12:00:33	24.5	26.0	5274	-43.7
12:00:34	24.6	26.0	5276	-43.7
12:00:36	24.7	26.1	5275	-43.6
12:00:37	24.7	26.1	5274	-43.7
12:00:38	24.7	26.5	5273	-43.7
12:00:40	24.6	26.7	5274	-43.6
12:00:41	24.6	26.4	5273	-43.6
12:00:42	24.1	26.4	5273	-43.5
12:00:44	23.9	26.5	5270	-43.6
12:00:45	23.9	26.5	5272	-43.7
12:00:46	23.8	26.5	5272	-43.8
12:00:47	23.9	26.7	5269	-43.7
12:00:49	23.9	26.8	5269	-43.7
12:00:50	23.7	26.7	5272	-43.8
12:00:51	23.6	26.8	5269	-43.8
12:00:53	23.8	26.7	5272	-43.8
12:00:54	24.1	26.7	5270	-43.9
12:00:55	24.1	26.6	5269	-43.8
12:00:57	23.8	26.5	5269	-43.6
12:00:58	23.7	26.5	5268	-43.6
12:00:59	23.7	26.4	5268	-43.7
12:01:01	23.6	26.4	5268	-43.8
12:01:02	23.6	26.4	5269	-43.8
12:01:03	23.5	26.3	5270	-43.9
12:01:05	23.6	26.5	5267	-43.7
12:01:06	23.7	26.5	5264	-43.8
12:01:07	23.9	26.5	5265	-43.8
12:01:09	24.0	26.4	5265	-43.7
12:01:10	24.0	26.4	5265	-43.7
12:01:11	24.0	26.4	5263	-43.8
12:01:13	24.2	26.3	5262	-43.9
12:01:14	24.3	26.3	5264	-43.8
12:01:15	24.1	26.3	5263	-43.9
12:01:17	24.3	26.3	5262	-43.9
12:01:18	24.3	26.6	5262	-43.9
12:01:19	24.2	26.8	5263	-43.8
12:01:21	24.3	26.9	5263	-43.9
12:01:22	24.2	27.1	5262	-43.9
12:01:23	24.2	27.3	5262	-43.8
12:01:25	24.2	27.3	5262	-43.9
12:01:26	24.4	27.2	5260	-43.8
12:01:27	24.3	27.2	5259	-43.9
12:01:29	24.0	27.1	5260	-44.0
12:01:30	23.9	27.0	5260	-43.8
12:01:31	24.1	27.1	5260	-43.7
12:01:32	24.2	27.1	5262	-43.8
12:01:34	24.3	26.9	5260	-43.8
12:01:35	24.3	26.8	5259	-43.7
12:01:36	24.4	26.8	5259	-43.6
12:01:38	24.4	26.7	5260	-43.7
12:01:39	24.4	26.8	5258	-43.6
12:01:40	24.2	26.6	5259	-43.8
12:01:42	23.8	26.5	5259	-43.8
12:01:43	23.6	26.5	5258	-43.8
12:01:44	23.5	26.6	5257	-43.7
12:01:46	23.4	26.6	5259	-43.7
12:01:47	23.3	26.6	5258	-43.7
12:01:48	23.4	26.8	5257	-43.7
12:01:50	23.5	27.0	5257	-43.8
12:01:51	23.6	27.1	5257	-43.8
12:01:52	23.8	27.2	5255	-43.7
12:01:54	23.9	27.0	5255	-43.7
12:01:55	24.0	26.7	5257	-43.8
12:01:56	24.2	26.6	5255	-43.8
12:01:58	24.4	26.5	5255	-43.7
12:01:59	24.4	26.2	5254	-43.8
12:02:00	24.4	26.2	5253	-43.8
12:02:02	24.5	26.1	5254	-43.7
12:02:03	24.5	26.1	5254	-43.7
12:02:04	24.3	26.1	5254	-43.7
12:02:06	24.0	26.3	5254	-43.8
12:02:07	23.6	26.3	5254	-43.9
12:02:08	23.6	26.3	5253	-43.9
12:02:10	23.6	26.4	5250	-43.9
12:02:11	23.7	26.8	5253	-43.8
12:02:12	23.9	27.0	5252	-43.7
12:02:14	23.9	26.9	5253	-43.8
12:02:15	23.9	26.8	5253	-43.7
12:02:16	23.9	27.0	5253	-43.8
12:02:18	23.9	27.0	5250	-43.7
12:02:19	23.8	27.0	5250	-43.6
12:02:20	23.8	26.9	5252	-43.8
12:02:22	24.0	27.0	5252	-43.7
12:02:23	24.1	26.6	5250	-43.6
12:02:24	24.2	26.5	5250	-43.8
12:02:25	24.2	26.3	5250	-43.7
12:02:27	24.2	26.2	5252	-43.6
12:02:28	24.2	26.3	5248	-43.7
12:02:29	24.2	26.3	5250	-43.8
12:02:31	24.3	26.3	5250	-43.8
12:02:32	24.3	26.3	5249	-43.8
12:02:33	24.2	26.4	5249	-43.7
12:02:35	23.9	26.4	5248	-43.7
12:02:36	23.9	26.4	5248	-43.8
12:02:37	24.1	26.5	5250	-43.7
12:02:39	24.2	26.6	5249	-43.9
12:02:40	24.3	26.7	5248	-43.9
12:02:41	24.3	26.7	5248	-43.9
12:02:43	24.1	26.6	5248	-43.9
12:02:44	24.1	26.7	5248	-43.9
12:02:45	24.2	26.7	5248	-43.9
12:02:47	24.2	26.6	5248	-43.8
12:02:48	24.3	26.7	5247	-43.8
12:02:49	24.4	27.0	5247	-43.9
12:02:51	24.4	27.1	5247	-43.8
12:02:52	24.5	27.1	5244	-43.9
12:02:53	24.5	27.1	5244	-43.9
12:02:55	24.6	27.2	5246	-43.9
12:02:56	24.6	27.5	5247	-44.0
12:02:57	24.6	27.3	5246	-43.8
12:02:59	24.6	27.1	5242	-43.9
12:03:00	24.6	27.0	5243	-43.9
12:03:01	24.7	27.0	5243	-44.0
12:03:03	24.6	26.9	5241	-43.9
12:03:04	24.5	26.6	5242	-43.8
12:03:05	24.4	26.4	5243	-43.9
12:03:07	24.4	26.3	5241	-43.9
12:03:08	24.4	26.4	5241	-43.9
12:03:09	24.4	26.8	5242	-44.0
12:03:10	24.4	26.9	5241	-44.0
12:03:12	24.3	26.8	5241	-43.9
12:03:13	24.2	26.8	5239	-44.0
12:03:14	24.2	26.7	5237	-44.0
12:03:16	24.4	26.6	5241	-44.0
12:03:17	24.4	26.6	5241	-43.9
12:03:18	24.4	26.7	5238	-43.9
12:03:20	24.4	26.6	5238	-44.0
12:03:21	24.4	26.5	5239	-43.9
12:03:22	24.5	26.5	5239	-43.8
12:03:24	24.6	26.5	5241	-43.8
12:03:25	24.6	26.4	5241	-43.8
12:03:26	24.6	26.4	5239	-44.0
12:03:28	24.3	26.2	5238	-43.9
12:03:29	24.2	26.2	5239	-44.0
12:03:30	24.1	26.4	5241	-44.0
12:03:32	24.0	26.5	5237	-44.1
12:03:33	23.8	26.4	5237	-44.1
12:03:34	23.8	26.7	5237	-44.1
12:03:36	23.8	26.7	5238	-44.0
12:03:37	23.9	26.7	5237	-44.1
12:03:38	23.9	26.6	5233	-44.1
12:03:40	24.0	26.6	5236	-44.1
12:03:41	23.9	26.7	5236	-44.0
12:03:42	23.9	26.6	5236	-44.0
12:03:44	23.7	26.5	5237	-44.1
12:03:45	23.8	26.5	5233	-44.1
12:03:46	23.6	26.5	5234	-44.1
12:03:48	23.6	26.6	5233	-44.1
12:03:49	23.8	26.6	5234	-44.1
12:03:50	23.8	26.5	5234	-44.1
12:03:51	23.8	26.5	5232	-44.0
12:03:53	23.8	26.5	5232	-43.8
12:03:54	23.8	26.5	5233	-43.8
12:03:55	23.8	26.6	5232	-44.1
12:03:57	23.9	26.8	5229	-44.0
12:03:58	23.9	26.8	5232	-43.8
12:03:59	23.8	26.9	5232	-44.1
12:04:01	23.7	27.0	5228	-44.0
12:04:02	23.6	27.1	5231	-44.1
12:04:03	23.6	27.1	5231	-44.1
12:04:05	23.5	27.1	5231	-44.2
12:04:06	23.7	27.1	5229	-44.1
12:04:07	23.8	27.3	5229	-44.0
12:04:09	23.8	27.3	5229	-44.0
12:04:10	23.9	27.2	5231	-44.0
12:04:11	23.9	27.2	5228	-44.1
12:04:13	23.7	27.1	5228	-44.1
12:04:14	23.7	27.0	5228	-44.1
12:04:15	23.8	26.9	5232	-44.1
12:04:17	23.8	27.0	5227	-44.1
12:04:18	23.8	26.9	5228	-44.0
12:04:19	23.9	26.8	5226	-44.1
12:04:21	23.8	26.8	5226	-44.1
12:04:22	23.7	26.7	5226	-44.1
12:04:23	23.8	26.4	5228	-44.2
12:04:25	23.9	26.5	5225	-44.1
12:04:26	24.0	26.8	5228	-44.1
12:04:27	24.1	26.7	5225	-44.1
12:04:29	24.2	27.1	5227	-44.2
12:04:30	24.1	27.0	5226	-44.1
12:04:31	23.9	27.1	5225	-44.0
12:04:33	23.9	27.2	5223	-44.1
12:04:34	24.0	27.3	5223	-44.1
12:04:35	24.0	27.4	5223	-44.1
12:04:37	24.0	27.3	5223	-44.2
12:04:38	24.1	27.0	5225	-44.1
12:04:39	24.2	26.8	5222	-44.2
12:04:40	24.3	26.5	5223	-44.2
12:04:42	24.4	26.5	5223	-44.2
12:04:43	24.5	26.5	5222	-44.2
12:04:44	24.6	26.3	5222	-44.2
12:04:46	24.5	26.2	5222	-44.2
12:04:47	24.4	26.4	5221	-44.2
12:04:48	24.4	26.5	5222	-44.0
12:04:50	24.3	26.4	5222	-44.0
12:04:51	24.3	26.3	5220	-44.2
12:04:52	24.4	26.2	5220	-44.3
12:04:54	24.4	26.2	5220	-44.2
12:04:55	24.4	26.2	5220	-44.2
12:04:56	24.0	26.0	5220	-44.2
12:04:58	23.9	26.1	5221	-44.1
12:04:59	23.9	26.2	5220	-44.2
12:05:00	23.9	26.0	5221	-44.3
12:05:02	23.8	25.9	5218	-44.2
12:05:03	23.8	26.0	5218	-44.1
12:05:04	23.8	26.0	5220	-44.1
12:05:06	23.9	26.0	5218	-44.2
12:05:07	23.9	25.9	5217	-44.1
12:05:08	24.0	26.0	5217	-44.2
12:05:10	23.9	26.1	5217	-44.2
12:05:11	23.9	26.2	5218	-44.2
12:05:12	24.0	26.4	5217	-44.1
12:05:14	23.9	26.4	5217	-44.2
12:05:15	23.8	26.6	5218	-44.2
12:05:16	23.8	26.7	5217	-44.2
12:05:18	23.7	26.7	5217	-44.2
12:05:19	23.7	26.7	5216	-44.3
12:05:20	23.6	26.6	5215	-44.2
12:05:21	23.7	26.6	5216	-44.0
12:05:23	23.7	26.7	5216	-44.1
12:05:24	23.7	26.7	5215	-44.1
12:05:25	23.6	26.6	5215	-44.1
12:05:27	23.5	26.6	5215	-44.1
12:05:28	23.7	26.6	5215	-44.1
12:05:29	23.7	26.5	5215	-44.2
12:05:31	23.6	26.5	5215	-44.2
12:05:32	23.6	26.5	5213	-44.2
12:05:33	23.7	26.7	5215	-44.1
12:05:35	23.7	26.8	5213	-44.2
12:05:36	23.6	26.8	5213	-44.2
12:05:37	23.6	27.0	5213	-44.1
12:05:39	23.8	26.8	5213	-44.1
12:05:40	23.7	26.6	5215	-44.1
12:05:41	23.7	26.7	5216	-44.2
12:05:43	23.7	26.8	5208	-44.1
12:05:44	23.8	26.9	5212	-44.1
12:05:45	23.9	26.8	5212	-44.0
12:05:47	23.8	26.8	5211	-44.0
12:05:48	23.9	26.8	5211	-44.1
12:05:49	23.9	26.8	5211	-44.1
12:05:51	23.8	26.9	5210	-44.1
12:05:52	23.6	27.0	5208	-44.1
12:05:53	23.7	27.0	5208	-44.0
12:05:55	23.7	26.8	5208	-44.1
12:05:56	23.6	26.8	5211	-44.1
12:05:57	23.6	26.7	5210	-44.2
12:05:59	23.8	26.6	5210	-44.2
12:06:00	23.9	26.6	5208	-44.2
12:06:01	23.9	26.7	5208	-44.2
12:06:03	23.9	26.8	5207	-44.3
12:06:04	23.7	26.9	5208	-44.3
12:06:05	23.5	26.9	5207	-44.3
12:06:07	23.6	26.9	5206	-44.2
12:06:08	23.6	27.3	5207	-44.3
12:06:09	23.6	27.3	5207	-44.2
12:06:11	23.7	27.1	5206	-44.2
12:06:12	23.8	27.2	5207	-44.2
12:06:13	23.9	27.2	5206	-44.2
12:06:14	23.9	26.8	5206	-44.1
12:06:16	24.0	26.6	5206	-44.1
12:06:17	23.9	26.5	5206	-44.0
12:06:18	23.8	26.7	5206	-44.1
12:06:20	23.7	26.5	5205	-44.1
12:06:21	23.5	26.8	5206	-44.1
12:06:22	23.4	27.0	5205	-44.1
12:06:24	23.5	27.1	5205	-44.2
12:06:25	23.6	26.7	5206	-44.2
12:06:26	23.6	26.4	5203	-44.2
12:06:28	23.7	26.4	5205	-44.1
12:06:29	23.6	26.3	5205	-44.1
12:06:30	23.6	26.2	5205	-44.2
12:06:32	23.8	26.2	5203	-44.1
12:06:33	23.7	26.2	5203	-44.1
12:06:34	23.7	26.7	5203	-44.1
12:06:36	23.7	26.8	5205	-44.0
12:06:37	23.9	26.8	5206	-44.1
12:06:38	23.8	26.9	5205	-44.1
12:06:40	23.7	27.1	5202	-44.1
12:06:41	23.7	27.3	5203	-44.1
12:06:42	23.7	27.1	5203	-44.1
12:06:44	23.8	27.1	5202	-44.1
12:06:45	23.9	26.9	5201	-44.1
12:06:46	23.9	26.7	5202	-44.1
12:06:48	23.8	26.8	5200	-44.1
12:06:49	23.8	26.8	5201	-44.1
12:06:50	23.8	26.7	5200	-44.1
12:06:52	23.7	26.7	5199	-43.9
12:06:53	23.7	26.6	5199	-44.1
12:06:54	23.8	26.6	5199	-44.2
12:06:55	23.9	26.6	5199	-44.1
12:06:57	23.8	26.6	5199	-44.1
12:06:58	23.9	26.6	5200	-44.0
12:06:59	23.8	26.9	5199	-44.0
12:07:01	23.8	26.8	5199	-44.1
12:07:02	23.9	26.8	5199	-44.1
12:07:03	23.8	26.6	5200	-44.1
12:07:05	23.6	26.5	5199	-44.1
12:07:06	23.6	26.4	5200	-44.1
12:07:07	23.8	26.4	5199	-44.2
12:07:09	23.8	26.4	5196	-44.1
12:07:10	23.7	26.5	5197	-44.1
12:07:11	23.6	26.5	5199	-44.1
12:07:13	23.6	26.5	5200	-44.2
12:07:14	23.7	26.7	5200	-44.2
12:07:15	23.8	26.7	5196	-44.2
12:07:17	23.9	26.6	5196	-44.1
12:07:18	23.9	26.6	5197	-44.1
12:07:19	23.9	26.6	5196	-44.3
12:07:21	23.9	26.6	5195	-44.3
12:07:22	23.9	26.4	5196	-44.3
12:07:23	24	26.6	5196	-44.3
12:07:25	24.0	26.7	5197	-44.3
12:07:26	24.1	26.6	5196	-44.3
12:07:27	24.3	26.8	5195	-44.2
12:07:29	24.3	26.7	5195	-44.1
12:07:30	24.3	26.7	5195	-44.3
12:07:31	24.3	26.7	5196	-44.4
12:07:33	24.3	26.5	5195	-44.3
12:07:34	24.3	26.4	5194	-44.4
12:07:35	24.2	26.5	5194	-44.4
12:07:36	24.2	26.4	5194	-44.2
12:07:38	24.2	26.4	5194	-44.3
12:07:39	24.1	26.4	5194	-44.3
12:07:40	23.6	26.4	5192	-44.3
12:07:42	23.4	26.4	5194	-44.3
12:07:43	23.5	26.5	5191	-44.3
12:07:44	23.5	26.7	5192	-44.2
12:07:46	23.3	26.8	5192	-44.2
12:07:47	23.2	26.8	5192	-44.3
12:07:48	23.2	26.9	5192	-44.3
12:07:50	23.4	26.8	5191	-44.3
12:07:51	23.5	26.8	5189	-44.3
12:07:52	23.7	26.8	5191	-44.3
12:07:54	23.7	26.7	5191	-44.1
12:07:55	23.8	26.7	5192	-44.3
12:07:56	23.6	26.8	5192	-44.3
12:07:58	23.6	26.7	5191	-44.3
12:07:59	23.5	26.7	5191	-44.3
12:08:00	23.6	26.8	5192	-44.4
12:08:02	23.6	26.8	5190	-44.4
12:08:03	23.6	26.8	5192	-44.4
12:08:04	23.6	26.8	5191	-44.4
12:08:06	23.6	26.8	5191	-44.4
12:08:07	23.7	27.0	5190	-44.4
12:08:08	23.8	26.9	5189	-44.4
12:08:10	23.9	26.6	5187	-44.4
12:08:11	23.9	26.6	5190	-44.4
12:08:12	23.7	26.7	5189	-44.3
12:08:14	23.5	26.9	5189	-44.3
12:08:15	23.3	27.0	5189	-44.3
12:08:16	23.3	27.2	5190	-44.3
12:08:18	23.6	27.0	5190	-44.3
12:08:19	23.8	26.7	5191	-44.4
12:08:20	24.0	26.5	5190	-44.4
12:08:22	24.0	26.5	5191	-44.3
12:08:23	24.1	26.6	5190	-44.3
12:08:24	24.0	26.6	5189	-44.4
12:08:26	23.9	26.6	5189	-44.4
12:08:27	23.9	26.6	5190	-44.4
12:08:28	23.7	26.4	5189	-44.4
12:08:29	23.8	26.3	5190	-44.3
12:08:31	23.6	26.5	5190	-44.3
12:08:32	23.6	26.6	5189	-44.3
12:08:33	23.5	26.8	5187	-44.3
12:08:35	23.5	26.8	5187	-44.3
12:08:36	23.6	26.6	5187	-44.3
12:08:37	23.6	26.5	5186	-44.3
12:08:39	23.6	26.6	5187	-44.3
12:08:40	23.8	26.4	5186	-44.2
12:08:41	23.8	26.4	5186	-44.3
12:08:43	23.9	26.6	5187	-44.3
12:08:44	23.9	26.6	5187	-44.3
12:08:45	24.0	26.8	5186	-44.3
12:08:47	24.0	26.6	5186	-44.3
12:08:48	23.7	26.4	5185	-44.3
12:08:49	23.5	26.3	5184	-44.3
12:08:51	23.6	26.2	5186	-44.2
12:08:52	23.8	26.1	5187	-44.3
12:08:53	23.9	26.2	5187	-44.2
12:08:55	24.1	26.3	5185	-44.1
12:08:56	24.1	26.4	5184	-44.2
12:08:57	24.2	26.4	5185	-44.3
12:08:59	24.3	26.6	5185	-44.2
12:09:00	24.3	26.8	5186	-44.3
12:09:01	24.0	26.7	5186	-44.3
12:09:03	24.0	26.9	5184	-44.4
12:09:04	23.9	26.8	5185	-44.4
12:09:05	23.9	26.8	5184	-44.4
12:09:07	23.6	26.7	5182	-44.3
12:09:08	23.4	26.9	5184	-44.4
12:09:09	23.4	26.9	5182	-44.4
12:09:11	23.3	26.9	5182	-44.4
12:09:12	23.2	27.0	5182	-44.4
12:09:13	23.2	27.1	5181	-44.3
12:09:15	23.4	27.0	5181	-44.3
12:09:16	23.5	27.0	5179	-44.3
12:09:17	23.6	27.1	5179	-44.3
12:09:18	23.5	27.0	5181	-44.3
12:09:20	23.4	27.0	5181	-44.2
12:09:21	23.3	27.0	5181	-44.3
12:09:22	23.5	27.2	5180	-44.3
12:09:24	23.4	27.1	5180	-44.1
12:09:25	23.4	26.9	5180	-44.2
12:09:26	23.3	26.9	5180	-44.3
12:09:28	23.1	26.8	5181	-44.3
12:09:29	23.1	26.5	5181	-44.3
12:09:30	23.4	26.4	5180	-44.1
12:09:32	23.5	26.4	5179	-44.3
12:09:33	23.4	26.4	5179	-44.2
12:09:34	23.5	26.3	5181	-44.2
12:09:36	23.3	26.2	5179	-44.2
12:09:37	23.3	26.1	5176	-44.3
12:09:38	23.3	26.2	5177	-44.4
12:09:40	23.5	26.2	5180	-44.4
12:09:41	23.7	26.2	5180	-44.4
12:09:42	23.7	26.3	5179	-44.4
12:09:44	23.7	26.5	5181	-44.3
12:09:45	24.0	26.9	5179	-44.3
12:09:46	24.2	27.2	5179	-44.4
12:09:48	24.2	27.2	5179	-44.4
12:09:49	24.1	27.2	5179	-44.4
12:09:50	24.2	27.0	5180	-44.4
12:09:52	24.4	26.8	5179	-44.5
12:09:53	24.1	26.8	5177	-44.4
12:09:54	23.7	26.9	5175	-44.4
12:09:56	23.8	26.9	5176	-44.3
12:09:57	23.7	26.9	5177	-44.2
12:09:58	23.6	26.9	5177	-44.2
12:10:00	23.7	27.1	5177	-44.3
12:10:01	23.8	27.3	5177	-44.3
12:10:02	23.7	27.0	5176	-44.2
12:10:04	23.6	26.6	5177	-44.4
12:10:05	23.6	26.6	5176	-44.4
12:10:06	23.6	26.7	5176	-44.4
12:10:08	23.4	26.5	5176	-44.3
12:10:09	23.4	26.4	5176	-44.2
12:10:10	23.4	26.3	5176	-44.5
12:10:12	23.3	26.4	5176	-44.5
12:10:13	23.0	26.4	5177	-44.4
12:10:14	23.0	26.3	5176	-44.4
12:10:16	23.1	26.4	5175	-44.3
12:10:17	23.3	26.3	5175	-44.3
12:10:18	23.3	26.8	5175	-44.3
12:10:19	23.5	27.0	5175	-44.3
12:10:21	23.6	26.9	5175	-44.2
12:10:22	23.8	26.6	5175	-44.2
12:10:23	23.9	26.6	5176	-44.3
12:10:25	24.0	26.6	5175	-44.3
12:10:26	23.8	26.6	5175	-44.3
12:10:27	23.7	26.5	5175	-44.4
12:10:29	23.7	26.4	5175	-44.4
12:10:30	23.8	26.4	5175	-44.4
12:10:31	23.8	26.3	5173	-44.5
12:10:33	23.7	26.4	5175	-44.4
12:10:34	23.5	26.5	5175	-44.3
12:10:35	23.6	26.4	5174	-44.3
12:10:37	23.7	26.3	5174	-44.5
12:10:38	23.8	26.1	5175	-44.5
12:10:39	23.9	26.1	5174	-44.5
12:10:41	24.0	26.1	5174	-44.5
12:10:42	24.1	26.0	5174	-44.4
12:10:43	24.1	25.9	5175	-44.3
12:10:45	24.2	25.9	5174	-44.5
12:10:46	24.3	25.9	5173	-44.5
12:10:47	24.2	25.8	5174	-44.5
12:10:49	23.9	25.8	5171	-44.4
12:10:50	23.7	25.8	5174	-44.4
12:10:51	23.7	25.9	5171	-44.4
12:10:53	23.8	26.1	5175	-44.4
12:10:54	23.9	26.3	5174	-44.4
12:10:55	23.9	26.3	5174	-44.5
12:10:57	24.1	26.4	5173	-44.5
12:10:58	24.2	26.4	5173	-44.5
12:10:59	24.0	26.4	5171	-44.5
12:11:01	23.9	26.5	5173	-44.5
12:11:02	23.8	26.5	5171	-44.5
12:11:03	23.9	26.5	5169	-44.4
12:11:05	23.9	26.4	5169	-44.5
12:11:06	24.0	26.3	5171	-44.4
12:11:07	24.1	26.4	5173	-44.5
12:11:08	24.1	26.3	5170	-44.4
12:11:10	24.2	26.3	5173	-44.5
12:11:11	24.2	26.5	5173	-44.5
12:11:12	24.0	26.6	5170	-44.5
12:11:14	24.0	26.5	5170	-44.5
12:11:15	23.9	26.4	5170	-44.5
12:11:16	23.6	26.5	5166	-44.5
12:11:18	23.5	26.4	5169	-44.5
12:11:19	23.7	26.5	5168	-44.4
12:11:20	23.7	26.7	5168	-44.5
12:11:22	23.7	26.9	5166	-44.5
12:11:23	23.7	26.5	5168	-44.3
12:11:24	23.5	26.4	5170	-44.4
12:11:26	23.4	26.4	5168	-44.5
12:11:27	23.2	26.2	5168	-44.6
12:11:28	23.3	26.0	5169	-44.5
12:11:30	23.5	25.8	5170	-44.5
12:11:31	23.7	25.8	5169	-44.4
12:11:32	23.7	25.8	5168	-44.5
12:11:34	23.9	25.8	5169	-44.5
12:11:35	23.9	25.9	5166	-44.5
12:11:36	23.9	26.0	5164	-44.6
12:11:38	24.0	25.8	5168	-44.5
12:11:39	24.2	25.8	5165	-44.5
12:11:40	24.2	25.7	5164	-44.5
12:11:42	24.3	25.7	5166	-44.6
12:11:43	24.2	25.8	5166	-44.5
12:11:44	24.2	25.8	5166	-44.6
12:11:46	24.3	25.9	5166	-44.5
12:11:47	24.3	26.0	5170	-44.5
12:11:48	24.3	26.0	5166	-44.6
12:11:49	24.2	25.9	5168	-44.6
12:11:51	24.3	25.9	5165	-44.5
12:11:52	24.3	25.8	5165	-44.5
12:11:53	24.4	25.8	5168	-44.4
12:11:55	24.4	25.8	5166	-44.3
12:11:56	24.4	25.9	5168	-44.4
12:11:57	24.4	26.0	5166	-44.4
12:11:59	24.5	26.1	5166	-44.5
12:12:00	24.5	26.0	5168	-44.5
12:12:01	24.5	25.9	5166	-44.3
12:12:03	24.5	26.0	5166	-44.4
12:12:04	24.5	26.1	5165	-44.4
12:12:05	24.5	25.9	5168	-44.4
12:12:07	24.4	25.8	5165	-44.4
12:12:08	24.3	25.8	5165	-44.4
12:12:09	24.3	26.0	5165	-44.5
12:12:11	24.3	26.0	5165	-44.5
12:12:12	24.3	26.1	5163	-44.5
12:12:13	24.3	26.2	5164	-44.4
12:12:15	24.2	26.2	5165	-44.4
12:12:16	24.3	26.1	5164	-44.5
12:12:17	24.3	26.2	5164	-44.4
12:12:19	24.1	26.4	5165	-44.5
12:12:20	24.1	26.5	5164	-44.5
12:12:21	23.9	26.7	5163	-44.5
12:12:23	23.9	26.9	5163	-44.5
12:12:24	24.0	26.8	5161	-44.5
12:12:25	23.9	26.9	5163	-44.5
12:12:27	23.9	27.0	5164	-44.5
12:12:28	24.0	27.0	5165	-44.5
12:12:29	24.1	26.9	5163	-44.5
12:12:31	24.2	27.1	5163	-44.4
12:12:32	24.2	27.1	5161	-44.5
12:12:33	24.1	26.8	5161	-44.5
12:12:35	23.9	26.8	5161	-44.5
12:12:36	23.9	26.6	5161	-44.5
12:12:37	23.9	26.7	5161	-44.5
12:12:38	24.0	26.8	5163	-44.5
12:12:40	24.1	26.8	5159	-44.5
12:12:41	24.0	26.9	5161	-44.6
12:12:42	24.2	26.8	5160	-44.5
12:12:44	24.2	26.7	5161	-44.5
12:12:45	24.3	26.7	5161	-44.3
12:12:46	24.3	26.7	5160	-44.4
12:12:48	24.4	26.4	5160	-44.4
12:12:49	24.4	26.4	5161	-44.4
12:12:50	24.4	26.2	5160	-44.3
12:12:52	24.5	26.4	5160	-44.5
12:12:53	24.5	26.3	5160	-44.5
12:12:54	24.5	26.2	5160	-44.4
12:12:56	24.3	26.3	5160	-44.5
12:12:57	24.4	26.2	5160	-44.5
12:12:58	24.3	26.3	5160	-44.5
12:13:00	24.4	26.4	5159	-44.4
12:13:01	24.5	26.5	5160	-44.4
12:13:02	24.5	26.4	5159	-44.4
12:13:04	24.3	26.4	5159	-44.4
12:13:05	24.2	26.6	5160	-44.5
12:13:06	24.3	26.6	5158	-44.5
12:13:08	24.2	26.6	5161	-44.6
12:13:09	24.3	26.8	5160	-44.5
12:13:10	24.3	26.9	5160	-44.5
12:13:12	24.4	27.2	5159	-44.4
12:13:13	24.4	27.5	5160	-44.5
12:13:14	24.4	27.3	5158	-44.4
12:13:16	24.4	27.0	5160	-44.5
12:13:17	24.5	26.8	5160	-44.5
12:13:18	24.6	26.8	5160	-44.5
12:13:20	24.6	26.8	5160	-44.5
12:13:21	24.4	26.8	5159	-44.4
12:13:22	24.4	26.5	5160	-44.5
12:13:24	24.4	26.4	5160	-44.4
12:13:25	24.4	26.3	5158	-44.5
12:13:26	24.5	26.4	5158	-44.4
12:13:28	24.4	26.3	5156	-44.4
12:13:29	24.2	26.1	5155	-44.5
12:13:30	24.1	26.1	5154	-44.5
12:13:31	24.0	26.0	5155	-44.5
12:13:33	24.1	26.0	5159	-44.5
12:13:34	24.2	26.1	5158	-44.5
12:13:35	24.2	26.1	5158	-44.5
12:13:37	24.2	26.1	5155	-44.4
12:13:38	24.3	26.0	5155	-44.5
12:13:39	24.3	26.1	5154	-44.4
12:13:41	24.2	26.2	5155	-44.5
12:13:42	24.2	26.3	5155	-44.5
12:13:43	24.2	26.6	5156	-44.6
12:13:45	24.2	26.9	5155	-44.6
12:13:46	24.1	27.0	5158	-44.6
12:13:47	24.2	27.2	5156	-44.5
12:13:49	24.3	27.3	5156	-44.6
12:13:50	24.3	27.4	5156	-44.5
12:13:51	24.3	27.2	5153	-44.6
12:13:53	24.3	27.2	5155	-44.6
12:13:54	24.3	27.0	5154	-44.7
12:13:55	24.3	27.1	5153	-44.6
12:13:57	24.2	27.0	5155	-44.6
12:13:58	24.3	26.9	5156	-44.6
12:13:59	24.2	27.1	5158	-44.6
12:14:01	24.1	27.0	5158	-44.6
12:14:02	24.1	26.9	5156	-44.6
12:14:03	24.1	26.8	5156	-44.5
12:14:05	24.2	26.6	5154	-44.4
12:14:06	24.3	26.5	5155	-44.5
12:14:07	24.4	26.2	5154	-44.7
12:14:09	24.4	26.1	5153	-44.6
12:14:10	24.4	26.0	5151	-44.5
12:14:11	24.4	25.9	5154	-44.6
12:14:12	24.4	25.8	5155	-44.6
12:14:14	24.5	25.7	5155	-44.6
12:14:15	24.5	25.7	5154	-44.6
12:14:16	24.5	25.9	5151	-44.6
12:14:18	24.5	25.8	5154	-44.7
12:14:19	24.5	26.0	5154	-44.6
12:14:20	24.5	26.1	5150	-44.5
12:14:22	24.5	25.9	5153	-44.5
12:14:23	24.5	25.9	5149	-44.6
12:14:24	24.6	25.9	5153	-44.5
12:14:26	24.5	25.8	5153	-44.7
12:14:27	24.6	25.9	5151	-44.7
12:14:28	24.5	25.9	5153	-44.7
12:14:30	24.5	25.9	5154	-44.7
12:14:31	24.5	25.8	5150	-44.7
12:14:32	24.5	25.8	5151	-44.6
12:14:34	24.5	25.8	5151	-44.7
12:14:35	24.5	25.8	5150	-44.7
12:14:36	24.5	25.9	5151	-44.7
12:14:38	24.5	26.2	5151	-44.5
12:14:39	24.3	26.3	5149	-44.6
12:14:40	24.4	26.3	5149	-44.6
12:14:42	24.3	26.3	5150	-44.5
12:14:43	24.4	26.3	5150	-44.4
12:14:44	24.5	26.3	5150	-44.4
12:14:46	24.4	26.4	5149	-44.4
12:14:47	24.4	26.5	5149	-44.6
12:14:48	24.3	26.4	5150	-44.6
12:14:50	24.2	26.4	5150	-44.6
12:14:51	24.3	26.4	5151	-44.6
12:14:52	24.4	26.4	5149	-44.6
12:14:53	24.3	26.4	5149	-44.5
12:14:55	24.4	26.3	5149	-44.5
12:14:56	24.3	26.1	5148	-44.5
12:14:57	24.2	26.0	5148	-44.6
12:14:59	24.2	25.9	5150	-44.7
12:15:00	24.3	26.0	5149	-44.7
12:15:01	24.3	26.0	5148	-44.5
12:15:03	24.3	26.1	5149	-44.5
12:15:04	24.4	26.2	5150	-44.5
12:15:05	24.4	26.4	5150	-44.5
12:15:07	24.4	26.4	5149	-44.3
12:15:08	24.5	26.3	5149	-44.4
12:15:09	24.5	26.3	5149	-44.6
12:15:11	24.5	26.5	5149	-44.5
12:15:12	24.4	26.6	5149	-44.5
12:15:13	24.3	26.5	5148	-44.6
12:15:15	24.2	26.4	5149	-44.7
12:15:16	23.9	26.4	5149	-44.6
12:15:17	23.9	26.4	5149	-44.5
12:15:19	23.9	26.3	5148	-44.6
12:15:20	23.8	26.2	5148	-44.6
12:15:21	23.7	26.4	5148	-44.6
12:15:23	23.8	26.3	5148	-44.6
12:15:24	23.9	26.2	5148	-44.6
12:15:25	23.8	26.7	5148	-44.6
12:15:27	23.8	27.0	5148	-44.6
12:15:28	23.9	26.9	5148	-44.7
12:15:29	23.9	26.6	5148	-44.6
12:15:31	24.0	26.7	5148	-44.7
12:15:32	24.1	26.7	5148	-44.6
12:15:33	24.1	26.7	5148	-44.6
12:15:35	24.0	26.8	5149	-44.7
12:15:36	24.0	26.9	5148	-44.6
12:15:37	24.1	27.0	5147	-44.7
12:15:39	24.2	26.9	5148	-44.7
12:15:40	24.1	26.7	5147	-44.6
12:15:41	24.1	26.8	5145	-44.7
12:15:43	24.0	27.0	5147	-44.7
12:15:44	24.1	26.8	5148	-44.7
12:15:45	24.2	26.6	5148	-44.6
12:15:46	24.2	26.4	5148	-44.6
12:15:48	24.0	26.5	5148	-44.7
12:15:49	24.0	26.8	5148	-44.7
12:15:50	24.0	26.6	5148	-44.5
12:15:52	24.1	26.3	5148	-44.7
12:15:53	24.1	26.1	5148	-44.7
12:15:54	24.2	26.0	5147	-44.7
12:15:56	24.3	26.0	5147	-44.7
12:15:57	24.3	26.2	5145	-44.7
12:15:58	24.4	26.4	5147	-44.7
12:16:00	24.3	26.2	5145	-44.7
12:16:01	24.3	26.1	5145	-44.6
12:16:02	24.3	26.1	5143	-44.6
12:16:04	24.3	26.1	5145	-44.6
12:16:05	24.3	26.3	5144	-44.5
12:16:06	24.2	26.3	5145	-44.7
12:16:08	24.3	26.3	5145	-44.8
12:16:09	24.4	26.3	5144	-44.7
12:16:10	24.4	26.3	5145	-44.7
12:16:12	24.2	26.3	5147	-44.7
12:16:13	24.0	26.6	5147	-44.6
12:16:14	23.8	26.8	5147	-44.7
12:16:16	23.7	26.8	5145	-44.5
12:16:17	23.6	27.0	5148	-44.6
12:16:18	23.2	26.8	5147	-44.6
12:16:20	22.9	26.7	5147	-44.7
12:16:21	22.8	26.7	5145	-44.6
12:16:22	22.9	26.7	5147	-44.6
12:16:24	23.1	26.6	5147	-44.7
12:16:25	23.4	26.5	5145	-44.7
12:16:26	23.6	26.4	5145	-44.7
12:16:28	23.7	26.4	5145	-44.7
12:16:29	23.9	26.7	5143	-44.6
12:16:30	24.0	26.9	5145	-44.6
12:16:32	24.0	26.9	5145	-44.7
12:16:33	24.1	26.9	5145	-44.7
12:16:34	24.0	26.9	5144	-44.6
12:16:35	23.9	26.8	5147	-44.6
12:16:37	23.8	26.7	5145	-44.6
12:16:38	23.7	26.7	5144	-44.6
12:16:39	23.7	26.7	5144	-44.6
12:16:41	23.8	26.8	5144	-44.6
12:16:42	23.9	26.7	5145	-44.5
12:16:43	23.9	26.4	5143	-44.5
12:16:45	24.1	26.4	5143	-44.6
12:16:46	24.2	26.3	5145	-44.5
12:16:47	24.2	26.4	5142	-44.6
12:16:49	24.2	26.5	5142	-44.5
12:16:50	24.3	26.4	5144	-44.6
12:16:51	24.3	26.4	5144	-44.6
12:16:53	24.4	26.1	5143	-44.6
12:16:54	24.4	26.0	5147	-44.6
12:16:55	24.4	25.9	5143	-44.7
12:16:57	24.5	26.0	5144	-44.7
12:16:58	24.5	26.1	5143	-44.6
12:16:59	24.5	26.1	5143	-44.5
12:17:01	24.4	26.1	5144	-44.5
12:17:02	24.4	26.1	5143	-44.6
12:17:03	24.4	26.2	5144	-44.6
12:17:05	24.4	26.3	5144	-44.7
12:17:06	24.5	26.2	5144	-44.6
12:17:07	24.4	26.2	5143	-44.6
12:17:09	24.4	26.3	5142	-44.6
12:17:10	24.4	26.2	5144	-44.7
12:17:11	24.3	26.2	5144	-44.7
12:17:13	24.4	26.2	5143	-44.6
12:17:14	24.4	26.3	5140	-44.6
12:17:15	24.1	26.2	5142	-44.6
12:17:17	24.1	26.2	5143	-44.6
12:17:18	23.9	26.1	5143	-44.7
12:17:19	23.7	26.0	5144	-44.7
12:17:21	23.9	25.9	5144	-44.7
12:17:22	24	25.8	5143	-44.7
12:17:23	24.0	25.7	5144	-44.7
12:17:25	24.1	25.6	5142	-44.7
12:17:26	24.1	25.6	5143	-44.7
12:17:27	24.0	25.5	5142	-44.7
12:17:29	24.0	25.5	5143	-44.6
12:17:30	24.1	25.4	5145	-44.6
12:17:31	24.1	25.4	5140	-44.7
12:17:32	24.2	25.4	5142	-44.7
12:17:34	24.2	25.3	5142	-44.7
12:17:35	24.2	25.3	5142	-44.7
12:17:36	24.2	25.3	5142	-44.7
12:17:38	24.3	25.3	5140	-44.7
12:17:39	24.4	25.3	5142	-44.7
12:17:40	24.4	25.3	5139	-44.6
12:17:42	24.4	25.3	5137	-44.6
12:17:43	24.4	25.3	5137	-44.6
12:17:44	24.5	25.3	5140	-44.6
12:17:46	24.4	25.3	5140	-44.6
12:17:47	24.4	25.3	5137	-44.5
12:17:48	24.4	25.4	5140	-44.5
12:17:50	24.4	25.4	5139	-44.5
12:17:51	24.4	25.4	5142	-44.6
12:17:52	24.4	25.4	5140	-44.6
12:17:54	24.4	25.4	5145	-44.5
12:17:55	24.4	25.3	5143	-44.5
12:17:56	24.4	25.4	5142	-44.3
12:17:58	24.2	25.4	5139	-44.5
12:17:59	24.2	25.4	5140	-44.5
12:18:00	24.2	25.4	5140	-44.6
12:18:02	24.2	25.4	5140	-44.5
12:18:03	24.3	25.4	5139	-44.6
12:18:04	24.3	25.3	5138	-44.6
12:18:06	24.1	25.4	5138	-44.7
12:18:07	24.0	25.4	5139	-44.6
12:18:08	24.1	25.4	5139	-44.6
12:18:10	24.1	25.3	5138	-44.6
12:18:11	24.1	25.3	5138	-44.5
12:18:12	24.2	25.3	5140	-44.5
12:18:14	24.2	25.3	5138	-44.5
12:18:15	23.9	25.3	5140	-44.6
12:18:16	23.7	25.3	5139	-44.6
12:18:18	23.8	25.3	5139	-44.5
12:18:19	23.9	25.3	5139	-44.6
12:18:20	24.0	25.4	5138	-44.6
12:18:22	24.0	25.8	5138	-44.5
12:18:23	24.0	25.8	5139	-44.4
12:18:24	24.0	25.7	5140	-44.4
12:18:26	24.0	25.7	5138	-44.5
12:18:27	24.0	25.6	5137	-44.6
12:18:28	24.0	25.5	5137	-44.6
12:18:30	24.1	25.4	5139	-44.6
12:18:31	24.1	25.4	5137	-44.5
12:18:32	24.1	25.4	5137	-44.6
12:18:33	24.1	25.3	5138	-44.6
12:18:35	24.2	25.3	5138	-44.6
12:18:36	24.2	25.3	5138	-44.6
12:18:37	24.2	25.6	5140	-44.7
12:18:39	24.1	25.7	5139	-44.6
12:18:40	23.9	25.8	5142	-44.5
12:18:41	23.8	25.8	5137	-44.4
12:18:43	23.8	25.6	5135	-44.6
12:18:44	23.9	25.4	5138	-44.6
12:18:45	24.0	25.3	5140	-44.6
12:18:47	24.0	25.3	5139	-44.5
12:18:48	24.0	25.2	5139	-44.5
12:18:49	23.9	25.2	5137	-44.4
12:18:51	23.9	25.2	5139	-44.3
12:18:52	24.0	25.1	5134	-44.2
12:18:53	24.1	25.1	5138	-44.4
12:18:55	24.2	25.0	5138	-44.4
12:18:56	24.2	25.0	5137	-44.4
12:18:57	24.2	25.0	5137	-44.5
12:18:59	24.1	25.0	5138	-44.5
12:19:00	24.2	25.0	5137	-44.5
12:19:01	24.2	25.0	5137	-44.5
12:19:03	24.2	25.0	5137	-44.6
12:19:04	24.2	25.0	5138	-44.5
12:19:05	24.2	25.0	5137	-44.5
12:19:07	24.1	25.0	5135	-44.4
12:19:08	24.1	24.9	5138	-44.5
12:19:09	24.2	25.0	5137	-44.5
12:19:11	24.2	24.9	5139	-44.4
12:19:12	24.2	25.0	5137	-44.5
12:19:13	24.2	25.0	5139	-44.5
12:19:15	24.2	25.0	5143	-44.3
12:19:16	24.2	25.0	5139	-44.5
12:19:17	24.2	25.1	5139	-44.6
12:19:18	24.1	25.1	5138	-44.4
12:19:20	24.1	25.1	5139	-44.5
12:19:21	24.0	25.1	5137	-44.5
12:19:22	24.0	25.1	5135	-44.4
12:19:24	24.1	25.1	5137	-44.4
12:19:25	24.0	25.1	5137	-44.4
12:19:26	24.0	25.0	5138	-44.4
12:19:28	24.1	24.9	5139	-44.5
12:19:29	24.1	24.9	5138	-44.4
12:19:30	24.2	25.1	5138	-44.5
12:19:32	24.2	25.1	5138	-44.5
12:19:33	24.3	25.1	5138	-44.5
12:19:34	24.3	25.4	5140	-44.5
